idBoleto;idEmpresa;dataVecto;valorParc;total;origem;motivoDescarteApp
5530575;75;2025-09-10;465,04;465,04;0;Lido pelo App
5530577;75;2025-09-10;465,04;465,04;0;Lido pelo App
5530588;75;2025-09-10;465,04;465,04;0;Lido pelo App
5530590;75;2025-09-10;465,04;465,04;0;Lido pelo App
5530595;75;2025-09-10;465,04;465,04;0;Lido pelo App
5530597;75;2025-09-10;465,04;465,04;0;Lido pelo App
5530602;75;2025-09-10;465,04;465,04;0;Lido pelo App
5530603;75;2025-09-10;465,04;465,04;0;Lido pelo App
5530605;75;2025-09-10;465,04;465,04;0;Lido pelo App
5530611;75;2025-09-10;465,04;465,04;0;Lido pelo App
5530613;75;2025-09-10;465,04;465,04;0;Lido pelo App
5530615;75;2025-09-10;465,04;465,04;0;Lido pelo App
5530620;75;2025-09-10;465,04;465,04;0;Lido pelo App
5530623;75;2025-09-10;465,04;465,04;0;Lido pelo App
5530624;75;2025-09-10;495,04;495,04;0;Lido pelo App
5530627;75;2025-09-10;465,04;465,04;0;Lido pelo App
5530631;75;2025-09-10;465,04;465,04;0;Lido pelo App
5530632;75;2025-09-10;465,04;465,04;0;Lido pelo App
5530633;75;2025-09-10;465,04;465,04;0;Lido pelo App
5530634;75;2025-09-10;465,04;465,04;0;Lido pelo App
5530636;75;2025-09-10;465,04;465,04;0;Lido pelo App
5530646;75;2025-09-10;465,04;465,04;0;Lido pelo App
5530647;75;2025-09-10;465,04;465,04;0;Lido pelo App
5530648;75;2025-09-10;465,04;465,04;0;Lido pelo App
5530649;75;2025-09-10;465,04;465,04;0;Lido pelo App
5530653;75;2025-09-10;465,04;465,04;0;Lido pelo App
5530656;75;2025-09-10;465,04;465,04;0;Lido pelo App
5530659;75;2025-09-10;465,04;465,04;0;Lido pelo App
5530661;75;2025-09-10;465,04;465,04;0;Lido pelo App
5530662;75;2025-09-10;465,04;465,04;0;Lido pelo App
5530664;75;2025-09-10;465,04;465,04;0;Lido pelo App
5530665;75;2025-09-10;465,04;465,04;0;Lido pelo App
5530670;75;2025-09-10;465,04;465,04;0;Lido pelo App
5530672;75;2025-09-10;465,04;465,04;0;Lido pelo App
5530673;75;2025-09-10;465,04;465,04;0;Lido pelo App
5530677;75;2025-09-10;465,04;465,04;0;Lido pelo App
5530681;75;2025-09-10;465,04;465,04;0;Lido pelo App
5530683;75;2025-09-10;465,04;465,04;0;Lido pelo App
5530684;75;2025-09-10;465,04;465,04;0;Lido pelo App
5530686;75;2025-09-10;465,04;465,04;0;Lido pelo App
5530688;75;2025-09-10;465,04;465,04;0;Lido pelo App
5530689;75;2025-09-10;465,04;465,04;0;Lido pelo App
5530690;75;2025-09-10;465,04;465,04;0;Lido pelo App
5530691;75;2025-09-10;465,04;465,04;0;Lido pelo App
5530693;75;2025-09-10;465,04;465,04;0;Lido pelo App
5530694;75;2025-09-10;465,04;465,04;0;Lido pelo App
5530695;75;2025-09-10;465,04;465,04;0;Lido pelo App
5530697;75;2025-09-10;465,04;465,04;0;Lido pelo App
5530698;75;2025-09-10;465,04;465,04;0;Lido pelo App
5740235;75;2025-10-10;465,04;465,04;0;Lido pelo App
5740237;75;2025-10-10;465,04;465,04;0;Lido pelo App
5740238;75;2025-10-10;465,04;465,04;0;Lido pelo App
5740248;75;2025-10-10;465,04;465,04;0;Lido pelo App
5740250;75;2025-10-10;465,04;465,04;0;Lido pelo App
5740255;75;2025-10-10;465,04;465,04;0;Lido pelo App
5740257;75;2025-10-10;465,04;465,04;0;Lido pelo App
5740262;75;2025-10-10;465,04;465,04;0;Lido pelo App
5740263;75;2025-10-10;465,04;465,04;0;Lido pelo App
5740265;75;2025-10-10;465,04;465,04;0;Lido pelo App
5740273;75;2025-10-10;465,04;465,04;0;Lido pelo App
5740275;75;2025-10-10;465,04;465,04;0;Lido pelo App
5740283;75;2025-10-10;465,04;465,04;0;Lido pelo App
5740284;75;2025-10-10;495,04;495,04;0;Lido pelo App
5740287;75;2025-10-10;465,04;465,04;0;Lido pelo App
5740291;75;2025-10-10;465,04;465,04;0;Lido pelo App
5740292;75;2025-10-10;465,04;465,04;0;Lido pelo App
5740293;75;2025-10-10;465,04;465,04;0;Lido pelo App
5740294;75;2025-10-10;465,04;465,04;0;Lido pelo App
5740296;75;2025-10-10;465,04;465,04;0;Lido pelo App
5740299;75;2025-10-10;465,04;465,04;0;Lido pelo App
5740306;75;2025-10-10;465,04;465,04;0;Lido pelo App
5740307;75;2025-10-10;465,04;465,04;0;Lido pelo App
5740308;75;2025-10-10;465,04;465,04;0;Lido pelo App
5740309;75;2025-10-10;465,04;465,04;0;Lido pelo App
5740313;75;2025-10-10;465,04;465,04;0;Lido pelo App
5740316;75;2025-10-10;465,04;465,04;0;Lido pelo App
5740319;75;2025-10-10;465,04;465,04;0;Lido pelo App
5740321;75;2025-10-10;465,04;465,04;0;Lido pelo App
5740322;75;2025-10-10;465,04;465,04;0;Lido pelo App
5740324;75;2025-10-10;465,04;465,04;0;Lido pelo App
5740325;75;2025-10-10;465,04;465,04;0;Lido pelo App
5740330;75;2025-10-10;465,04;465,04;0;Lido pelo App
5740333;75;2025-10-10;465,04;465,04;0;Lido pelo App
5740337;75;2025-10-10;465,04;465,04;0;Lido pelo App
5740341;75;2025-10-10;465,04;465,04;0;Lido pelo App
5740343;75;2025-10-10;465,04;465,04;0;Lido pelo App
5740344;75;2025-10-10;465,04;465,04;0;Lido pelo App
5740346;75;2025-10-10;465,04;465,04;0;Lido pelo App
5740348;75;2025-10-10;465,04;465,04;0;Lido pelo App
5740349;75;2025-10-10;465,04;465,04;0;Lido pelo App
5740350;75;2025-10-10;465,04;465,04;0;Lido pelo App
5740351;75;2025-10-10;465,04;465,04;0;Lido pelo App
5740353;75;2025-10-10;465,04;465,04;0;Lido pelo App
5740354;75;2025-10-10;465,04;465,04;0;Lido pelo App
5740355;75;2025-10-10;465,04;465,04;0;Lido pelo App
5740357;75;2025-10-10;465,04;465,04;0;Lido pelo App
5740358;75;2025-10-10;465,04;465,04;0;Lido pelo App
5898109;75;2025-11-10;465,04;465,04;0;Lido pelo App
5898111;75;2025-11-10;465,04;465,04;0;Lido pelo App
5898112;75;2025-11-10;465,04;465,04;0;Lido pelo App
5898122;75;2025-11-10;465,04;465,04;0;Lido pelo App
5898124;75;2025-11-10;465,04;465,04;0;Lido pelo App
5898129;75;2025-11-10;465,04;465,04;0;Lido pelo App
5898131;75;2025-11-10;465,04;465,04;0;Lido pelo App
5898136;75;2025-11-10;465,04;465,04;0;Lido pelo App
5898137;75;2025-11-10;465,04;465,04;0;Lido pelo App
5898139;75;2025-11-10;465,04;465,04;0;Lido pelo App
5898145;75;2025-11-10;465,04;465,04;0;Lido pelo App
5898147;75;2025-11-10;465,04;465,04;0;Lido pelo App
5898149;75;2025-11-10;465,04;465,04;0;Lido pelo App
5898157;75;2025-11-10;465,04;465,04;0;Lido pelo App
5898158;75;2025-11-10;495,04;495,04;0;Lido pelo App
5898161;75;2025-11-10;465,04;465,04;0;Lido pelo App
5898165;75;2025-11-10;465,04;465,04;0;Lido pelo App
5898166;75;2025-11-10;465,04;465,04;0;Lido pelo App
5898167;75;2025-11-10;465,04;465,04;0;Lido pelo App
5898168;75;2025-11-10;465,04;465,04;0;Lido pelo App
5898170;75;2025-11-10;465,04;465,04;0;Lido pelo App
5898180;75;2025-11-10;465,04;465,04;0;Lido pelo App
5898181;75;2025-11-10;465,04;465,04;0;Lido pelo App
5898182;75;2025-11-10;465,04;465,04;0;Lido pelo App
5898183;75;2025-11-10;465,04;465,04;0;Lido pelo App
5898187;75;2025-11-10;465,04;465,04;0;Lido pelo App
5898190;75;2025-11-10;465,04;465,04;0;Lido pelo App
5898193;75;2025-11-10;465,04;465,04;0;Lido pelo App
5898195;75;2025-11-10;465,04;465,04;0;Lido pelo App
5898196;75;2025-11-10;465,04;465,04;0;Lido pelo App
5898198;75;2025-11-10;465,04;465,04;0;Lido pelo App
5898199;75;2025-11-10;465,04;465,04;0;Lido pelo App
5898204;75;2025-11-10;465,04;465,04;0;Lido pelo App
5898207;75;2025-11-10;465,04;465,04;0;Lido pelo App
5898211;75;2025-11-10;465,04;465,04;0;Lido pelo App
5898215;75;2025-11-10;465,04;465,04;0;Lido pelo App
5898220;75;2025-11-10;465,04;465,04;0;Lido pelo App
5898222;75;2025-11-10;465,04;465,04;0;Lido pelo App
5898223;75;2025-11-10;465,04;465,04;0;Lido pelo App
5898224;75;2025-11-10;465,04;465,04;0;Lido pelo App
5898225;75;2025-11-10;465,04;465,04;0;Lido pelo App
5898227;75;2025-11-10;465,04;465,04;0;Lido pelo App
5898228;75;2025-11-10;465,04;465,04;0;Lido pelo App
5898229;75;2025-11-10;465,04;465,04;0;Lido pelo App
5898231;75;2025-11-10;465,04;465,04;0;Lido pelo App
5898232;75;2025-11-10;465,04;465,04;0;Lido pelo App
5898235;75;2025-11-10;334,16;334,16;0;Lido pelo App
5898237;75;2025-11-10;334,16;334,16;0;Lido pelo App
5898244;75;2025-11-10;334,16;334,16;0;Lido pelo App
5898248;75;2025-11-10;334,16;334,16;0;Lido pelo App
5898257;75;2025-11-10;334,16;334,16;0;Lido pelo App
5898258;75;2025-11-10;334,16;334,16;0;Lido pelo App
5898259;75;2025-11-10;334,16;334,16;0;Lido pelo App
5898268;75;2025-11-10;334,16;334,16;0;Lido pelo App
5898276;75;2025-11-10;334,16;334,16;0;Lido pelo App
5898277;75;2025-11-10;334,16;334,16;0;Lido pelo App
5898284;75;2025-11-10;334,16;334,16;0;Lido pelo App
5898286;75;2025-11-10;334,16;334,16;0;Lido pelo App
5898289;75;2025-11-10;334,16;334,16;0;Lido pelo App
5898291;75;2025-11-10;334,16;334,16;0;Lido pelo App
5898292;75;2025-11-10;334,16;334,16;0;Lido pelo App
5898294;75;2025-11-10;334,16;334,16;0;Lido pelo App
5898299;75;2025-11-10;334,16;334,16;0;Lido pelo App
5898301;75;2025-11-10;334,16;334,16;0;Lido pelo App
5898303;75;2025-11-10;334,16;334,16;0;Lido pelo App
5898308;75;2025-11-10;334,16;334,16;0;Lido pelo App
5898310;75;2025-11-10;334,16;334,16;0;Lido pelo App
5898318;75;2025-11-10;334,16;334,16;0;Lido pelo App
5898324;75;2025-11-10;334,16;334,16;0;Lido pelo App
5898326;75;2025-11-10;334,16;334,16;0;Lido pelo App
5898330;75;2025-11-10;334,16;334,16;0;Lido pelo App
5898332;75;2025-11-10;334,16;334,16;0;Lido pelo App
5898335;75;2025-11-10;334,16;334,16;0;Lido pelo App
5898337;75;2025-11-10;334,16;334,16;0;Lido pelo App
5898352;75;2025-11-10;334,16;334,16;0;Lido pelo App
5898356;75;2025-11-10;334,16;334,16;0;Lido pelo App
5898360;75;2025-11-10;334,16;334,16;0;Lido pelo App
5898366;75;2025-11-10;334,16;334,16;0;Lido pelo App
5898379;75;2025-11-10;334,16;334,16;0;Lido pelo App
5898381;75;2025-11-10;334,16;334,16;0;Lido pelo App
5898389;75;2025-11-10;334,16;334,16;0;Lido pelo App
5898398;75;2025-11-10;334,16;334,16;0;Lido pelo App
5898399;75;2025-11-10;334,16;334,16;0;Lido pelo App
5898400;75;2025-11-10;334,16;334,16;0;Lido pelo App
5898401;75;2025-11-10;334,16;334,16;0;Lido pelo App
5898402;75;2025-11-10;334,16;334,16;0;Lido pelo App
5898407;75;2025-11-10;334,16;334,16;0;Lido pelo App
5898419;75;2025-11-10;334,16;334,16;0;Lido pelo App
5898420;75;2025-11-10;334,16;334,16;0;Lido pelo App
5898421;75;2025-11-10;334,16;334,16;0;Lido pelo App
5898423;75;2025-11-10;334,16;334,16;0;Lido pelo App
6033832;75;2025-12-10;415,04;415,04;0;Lido pelo App
6033834;75;2025-12-10;415,04;415,04;0;Lido pelo App
6033835;75;2025-12-10;415,04;415,04;0;Lido pelo App
6033845;75;2025-12-10;415,04;415,04;0;Lido pelo App
6033847;75;2025-12-10;415,04;415,04;0;Lido pelo App
6033852;75;2025-12-10;415,04;415,04;0;Lido pelo App
6033854;75;2025-12-10;415,04;415,04;0;Lido pelo App
6033859;75;2025-12-10;415,04;415,04;0;Lido pelo App
6033860;75;2025-12-10;415,04;415,04;0;Lido pelo App
6033862;75;2025-12-10;415,04;415,04;0;Lido pelo App
6033868;75;2025-12-10;415,04;415,04;0;Lido pelo App
6033870;75;2025-12-10;415,04;415,04;0;Lido pelo App
6033872;75;2025-12-10;415,04;415,04;0;Lido pelo App
6033880;75;2025-12-10;415,04;415,04;0;Lido pelo App
6033881;75;2025-12-10;445,04;445,04;0;Lido pelo App
6033884;75;2025-12-10;415,04;415,04;0;Lido pelo App
6033888;75;2025-12-10;415,04;415,04;0;Lido pelo App
6033889;75;2025-12-10;415,04;415,04;0;Lido pelo App
6033890;75;2025-12-10;415,04;415,04;0;Lido pelo App
6033891;75;2025-12-10;415,04;415,04;0;Lido pelo App
6033893;75;2025-12-10;415,04;415,04;0;Lido pelo App
6033903;75;2025-12-10;415,04;415,04;0;Lido pelo App
6033904;75;2025-12-10;415,04;415,04;0;Lido pelo App
6033905;75;2025-12-10;415,04;415,04;0;Lido pelo App
6033906;75;2025-12-10;415,04;415,04;0;Lido pelo App
6033910;75;2025-12-10;415,04;415,04;0;Lido pelo App
6033913;75;2025-12-10;415,04;415,04;0;Lido pelo App
6033916;75;2025-12-10;415,04;415,04;0;Lido pelo App
6033918;75;2025-12-10;415,04;415,04;0;Lido pelo App
6033919;75;2025-12-10;415,04;415,04;0;Lido pelo App
6033921;75;2025-12-10;415,04;415,04;0;Lido pelo App
6033922;75;2025-12-10;415,04;415,04;0;Lido pelo App
6033927;75;2025-12-10;415,04;415,04;0;Lido pelo App
6033930;75;2025-12-10;415,04;415,04;0;Lido pelo App
6033934;75;2025-12-10;415,04;415,04;0;Lido pelo App
6033938;75;2025-12-10;415,04;415,04;0;Lido pelo App
6033943;75;2025-12-10;415,04;415,04;0;Lido pelo App
6033945;75;2025-12-10;415,04;415,04;0;Lido pelo App
6033946;75;2025-12-10;415,04;415,04;0;Lido pelo App
6033947;75;2025-12-10;415,04;415,04;0;Lido pelo App
6033948;75;2025-12-10;415,04;415,04;0;Lido pelo App
6033950;75;2025-12-10;415,04;415,04;0;Lido pelo App
6033951;75;2025-12-10;415,04;415,04;0;Lido pelo App
6033952;75;2025-12-10;415,04;415,04;0;Lido pelo App
6033954;75;2025-12-10;415,04;415,04;0;Lido pelo App
6033955;75;2025-12-10;415,04;415,04;0;Lido pelo App
6033958;75;2025-12-10;415,04;415,04;0;Lido pelo App
6033960;75;2025-12-10;415,04;415,04;0;Lido pelo App
6033961;75;2025-12-10;415,04;415,04;0;Lido pelo App
6033971;75;2025-12-10;415,04;415,04;0;Lido pelo App
6033980;75;2025-12-10;415,04;415,04;0;Lido pelo App
6033981;75;2025-12-10;415,04;415,04;0;Lido pelo App
6033982;75;2025-12-10;415,04;415,04;0;Lido pelo App
6033991;75;2025-12-10;415,04;415,04;0;Lido pelo App
6033999;75;2025-12-10;415,04;415,04;0;Lido pelo App
6034000;75;2025-12-10;415,04;415,04;0;Lido pelo App
6034007;75;2025-12-10;415,04;415,04;0;Lido pelo App
6034009;75;2025-12-10;415,04;415,04;0;Lido pelo App
6034012;75;2025-12-10;415,04;415,04;0;Lido pelo App
6034013;75;2025-12-10;415,04;415,04;0;Lido pelo App
6034014;75;2025-12-10;415,04;415,04;0;Lido pelo App
6034015;75;2025-12-10;415,04;415,04;0;Lido pelo App
6034017;75;2025-12-10;415,04;415,04;0;Lido pelo App
6034022;75;2025-12-10;415,04;415,04;0;Lido pelo App
6034024;75;2025-12-10;415,04;415,04;0;Lido pelo App
6034026;75;2025-12-10;415,04;415,04;0;Lido pelo App
6034027;75;2025-12-10;415,04;415,04;0;Lido pelo App
6034031;75;2025-12-10;415,04;415,04;0;Lido pelo App
6034033;75;2025-12-10;415,04;415,04;0;Lido pelo App
6034041;75;2025-12-10;415,04;415,04;0;Lido pelo App
6034047;75;2025-12-10;415,04;415,04;0;Lido pelo App
6034049;75;2025-12-10;415,04;415,04;0;Lido pelo App
6034053;75;2025-12-10;415,04;415,04;0;Lido pelo App
6034055;75;2025-12-10;415,04;415,04;0;Lido pelo App
6034058;75;2025-12-10;415,04;415,04;0;Lido pelo App
6034060;75;2025-12-10;415,04;415,04;0;Lido pelo App
6034066;75;2025-12-10;415,04;415,04;0;Lido pelo App
6034075;75;2025-12-10;415,04;415,04;0;Lido pelo App
6034079;75;2025-12-10;415,04;415,04;0;Lido pelo App
6034083;75;2025-12-10;415,04;415,04;0;Lido pelo App
6034089;75;2025-12-10;415,04;415,04;0;Lido pelo App
6034097;75;2025-12-10;415,04;415,04;0;Lido pelo App
6034102;75;2025-12-10;415,04;415,04;0;Lido pelo App
6034104;75;2025-12-10;415,04;415,04;0;Lido pelo App
6034112;75;2025-12-10;415,04;415,04;0;Lido pelo App
6034114;75;2025-12-10;449,24;449,24;0;Lido pelo App
6034121;75;2025-12-10;415,04;415,04;0;Lido pelo App
6034122;75;2025-12-10;415,04;415,04;0;Lido pelo App
6034123;75;2025-12-10;415,04;415,04;0;Lido pelo App
6034124;75;2025-12-10;415,04;415,04;0;Lido pelo App
6034125;75;2025-12-10;415,04;415,04;0;Lido pelo App
6034130;75;2025-12-10;415,04;415,04;0;Lido pelo App
6034137;75;2025-12-10;415,04;415,04;0;Lido pelo App
6034140;75;2025-12-10;415,04;415,04;0;Lido pelo App
6034142;75;2025-12-10;415,04;415,04;0;Lido pelo App
6034143;75;2025-12-10;415,04;415,04;0;Lido pelo App
6034144;75;2025-12-10;415,04;415,04;0;Lido pelo App
6034146;75;2025-12-10;415,04;415,04;0;Lido pelo App
6140645;75;2026-01-10;415,04;415,04;0;Lido pelo App
6140658;75;2026-01-10;415,04;415,04;0;Lido pelo App
6140663;75;2026-01-10;415,04;415,04;0;Lido pelo App
6140665;75;2026-01-10;415,04;415,04;0;Lido pelo App
6140670;75;2026-01-10;415,04;415,04;0;Lido pelo App
6140671;75;2026-01-10;415,04;415,04;0;Lido pelo App
6140673;75;2026-01-10;415,04;415,04;0;Lido pelo App
6140679;75;2026-01-10;415,04;415,04;0;Lido pelo App
6140681;75;2026-01-10;415,04;415,04;0;Lido pelo App
6140683;75;2026-01-10;415,04;415,04;0;Lido pelo App
6140688;75;2026-01-10;415,04;415,04;0;Lido pelo App
6140691;75;2026-01-10;415,04;415,04;0;Lido pelo App
6140692;75;2026-01-10;445,04;445,04;0;Lido pelo App
6140695;75;2026-01-10;415,04;415,04;0;Lido pelo App
6140699;75;2026-01-10;415,04;415,04;0;Lido pelo App
6140700;75;2026-01-10;415,04;415,04;0;Lido pelo App
6140701;75;2026-01-10;415,04;415,04;0;Lido pelo App
6140702;75;2026-01-10;415,04;415,04;0;Lido pelo App
6140714;75;2026-01-10;415,04;415,04;0;Lido pelo App
6140715;75;2026-01-10;415,04;415,04;0;Lido pelo App
6140716;75;2026-01-10;415,04;415,04;0;Lido pelo App
6140717;75;2026-01-10;415,04;415,04;0;Lido pelo App
6140721;75;2026-01-10;415,04;415,04;0;Lido pelo App
6140724;75;2026-01-10;415,04;415,04;0;Lido pelo App
6140727;75;2026-01-10;415,04;415,04;0;Lido pelo App
6140729;75;2026-01-10;415,04;415,04;0;Lido pelo App
6140730;75;2026-01-10;415,04;415,04;0;Lido pelo App
6140732;75;2026-01-10;415,04;415,04;0;Lido pelo App
6140733;75;2026-01-10;415,04;415,04;0;Lido pelo App
6140738;75;2026-01-10;415,04;415,04;0;Lido pelo App
6140741;75;2026-01-10;415,04;415,04;0;Lido pelo App
6140749;75;2026-01-10;415,04;415,04;0;Lido pelo App
6140751;75;2026-01-10;415,04;415,04;0;Lido pelo App
6140754;75;2026-01-10;415,04;415,04;0;Lido pelo App
6140756;75;2026-01-10;415,04;415,04;0;Lido pelo App
6140757;75;2026-01-10;415,04;415,04;0;Lido pelo App
6140759;75;2026-01-10;415,04;415,04;0;Lido pelo App
6140761;75;2026-01-10;415,04;415,04;0;Lido pelo App
6140762;75;2026-01-10;415,04;415,04;0;Lido pelo App
6140763;75;2026-01-10;415,04;415,04;0;Lido pelo App
6140765;75;2026-01-10;415,04;415,04;0;Lido pelo App
6140766;75;2026-01-10;415,04;415,04;0;Lido pelo App
6140769;75;2026-01-10;415,04;415,04;0;Lido pelo App
6140771;75;2026-01-10;415,04;415,04;0;Lido pelo App
6140772;75;2026-01-10;415,04;415,04;0;Lido pelo App
6140773;75;2026-01-10;415,04;415,04;0;Lido pelo App
6140778;75;2026-01-10;415,04;415,04;0;Lido pelo App
6140782;75;2026-01-10;415,04;415,04;0;Lido pelo App
6140791;75;2026-01-10;415,04;415,04;0;Lido pelo App
6140792;75;2026-01-10;415,04;415,04;0;Lido pelo App
6140793;75;2026-01-10;415,04;415,04;0;Lido pelo App
6140802;75;2026-01-10;415,04;415,04;0;Lido pelo App
6140810;75;2026-01-10;415,04;415,04;0;Lido pelo App
6140811;75;2026-01-10;415,04;415,04;0;Lido pelo App
6140818;75;2026-01-10;415,04;415,04;0;Lido pelo App
6140820;75;2026-01-10;415,04;415,04;0;Lido pelo App
6140823;75;2026-01-10;415,04;415,04;0;Lido pelo App
6140824;75;2026-01-10;415,04;415,04;0;Lido pelo App
6140825;75;2026-01-10;415,04;415,04;0;Lido pelo App
6140826;75;2026-01-10;415,04;415,04;0;Lido pelo App
6140828;75;2026-01-10;415,04;415,04;0;Lido pelo App
6140833;75;2026-01-10;415,04;415,04;0;Lido pelo App
6140835;75;2026-01-10;415,04;415,04;0;Lido pelo App
6140836;75;2026-01-10;415,04;415,04;0;Lido pelo App
6140837;75;2026-01-10;415,04;415,04;0;Lido pelo App
6140838;75;2026-01-10;415,04;415,04;0;Lido pelo App
6140842;75;2026-01-10;415,04;415,04;0;Lido pelo App
6140844;75;2026-01-10;415,04;415,04;0;Lido pelo App
6140852;75;2026-01-10;415,04;415,04;0;Lido pelo App
6140858;75;2026-01-10;415,04;415,04;0;Lido pelo App
6140860;75;2026-01-10;415,04;415,04;0;Lido pelo App
6140864;75;2026-01-10;415,04;415,04;0;Lido pelo App
6140866;75;2026-01-10;415,04;415,04;0;Lido pelo App
6140869;75;2026-01-10;415,04;415,04;0;Lido pelo App
6140871;75;2026-01-10;415,04;415,04;0;Lido pelo App
6140877;75;2026-01-10;415,04;415,04;0;Lido pelo App
6140880;75;2026-01-10;415,04;415,04;0;Lido pelo App
6140886;75;2026-01-10;415,04;415,04;0;Lido pelo App
6140890;75;2026-01-10;415,04;415,04;0;Lido pelo App
6140894;75;2026-01-10;415,04;415,04;0;Lido pelo App
6140896;75;2026-01-10;445,04;445,04;0;Lido pelo App
6140900;75;2026-01-10;415,04;415,04;0;Lido pelo App
6140913;75;2026-01-10;415,04;415,04;0;Lido pelo App
6140915;75;2026-01-10;415,04;415,04;0;Lido pelo App
6140923;75;2026-01-10;415,04;415,04;0;Lido pelo App
6140925;75;2026-01-10;415,04;415,04;0;Lido pelo App
6140932;75;2026-01-10;415,04;415,04;0;Lido pelo App
6140933;75;2026-01-10;415,04;415,04;0;Lido pelo App
6140934;75;2026-01-10;415,04;415,04;0;Lido pelo App
6140935;75;2026-01-10;415,04;415,04;0;Lido pelo App
6140936;75;2026-01-10;415,04;415,04;0;Lido pelo App
6140938;75;2026-01-10;415,04;415,04;0;Lido pelo App
6140941;75;2026-01-10;415,04;415,04;0;Lido pelo App
6140948;75;2026-01-10;415,04;415,04;0;Lido pelo App
6140951;75;2026-01-10;415,04;415,04;0;Lido pelo App
6140953;75;2026-01-10;415,04;415,04;0;Lido pelo App
6140957;75;2026-01-10;415,04;415,04;0;Lido pelo App
6243326;75;2026-01-15;284,16;284,16;0;Lido pelo App
6243336;75;2026-01-15;284,16;284,16;0;Lido pelo App
6243354;75;2026-01-15;284,16;284,16;0;Lido pelo App
6243361;75;2026-01-15;284,16;284,16;0;Lido pelo App
6243384;75;2026-01-15;284,16;284,16;0;Lido pelo App
6243389;75;2026-01-15;284,16;284,16;0;Lido pelo App
6243391;75;2026-01-15;284,16;284,16;0;Lido pelo App
6243395;75;2026-01-15;284,16;284,16;0;Lido pelo App
6243421;75;2026-01-15;284,16;284,16;0;Lido pelo App
6243427;75;2026-01-15;284,16;284,16;0;Lido pelo App
6243428;75;2026-01-15;284,16;284,16;0;Lido pelo App
6243438;75;2026-01-15;284,16;284,16;0;Lido pelo App
6289543;75;2025-11-27;-279,02;-385,79;3;origem 3 (Amigavel/Outro)
6310175;75;2026-02-10;424,18;424,18;0;Lido pelo App
6310186;75;2026-02-10;424,18;424,18;0;Lido pelo App
6310188;75;2026-02-10;424,18;424,18;0;Lido pelo App
6310193;75;2026-02-10;424,18;424,18;0;Lido pelo App
6310195;75;2026-02-10;424,18;424,18;0;Lido pelo App
6310200;75;2026-02-10;424,18;424,18;0;Lido pelo App
6310201;75;2026-02-10;424,18;424,18;0;Lido pelo App
6310203;75;2026-02-10;424,18;424,18;0;Lido pelo App
6310209;75;2026-02-10;424,18;424,18;0;Lido pelo App
6310211;75;2026-02-10;424,18;424,18;0;Lido pelo App
6310213;75;2026-02-10;424,18;424,18;0;Lido pelo App
6310218;75;2026-02-10;424,18;424,18;0;Lido pelo App
6310221;75;2026-02-10;424,18;424,18;0;Lido pelo App
6310222;75;2026-02-10;454,18;454,18;0;Lido pelo App
6310225;75;2026-02-10;424,18;424,18;0;Lido pelo App
6310229;75;2026-02-10;424,18;424,18;0;Lido pelo App
6310230;75;2026-02-10;424,18;424,18;0;Lido pelo App
6310231;75;2026-02-10;424,18;424,18;0;Lido pelo App
6310244;75;2026-02-10;424,18;424,18;0;Lido pelo App
6310245;75;2026-02-10;424,18;424,18;0;Lido pelo App
6310246;75;2026-02-10;424,18;424,18;0;Lido pelo App
6310247;75;2026-02-10;424,18;424,18;0;Lido pelo App
6310251;75;2026-02-10;424,18;424,18;0;Lido pelo App
6310254;75;2026-02-10;424,18;424,18;0;Lido pelo App
6310257;75;2026-02-10;424,18;424,18;0;Lido pelo App
6310259;75;2026-02-10;424,18;424,18;0;Lido pelo App
6310260;75;2026-02-10;424,18;424,18;0;Lido pelo App
6310262;75;2026-02-10;424,18;424,18;0;Lido pelo App
6310263;75;2026-02-10;424,18;424,18;0;Lido pelo App
6310268;75;2026-02-10;424,18;424,18;0;Lido pelo App
6310271;75;2026-02-10;424,18;424,18;0;Lido pelo App
6310279;75;2026-02-10;424,18;424,18;0;Lido pelo App
6310284;75;2026-02-10;424,18;424,18;0;Lido pelo App
6310286;75;2026-02-10;424,18;424,18;0;Lido pelo App
6310287;75;2026-02-10;424,18;424,18;0;Lido pelo App
6310289;75;2026-02-10;424,18;424,18;0;Lido pelo App
6310291;75;2026-02-10;424,18;424,18;0;Lido pelo App
6310292;75;2026-02-10;424,18;424,18;0;Lido pelo App
6310293;75;2026-02-10;424,18;424,18;0;Lido pelo App
6310295;75;2026-02-10;424,18;424,18;0;Lido pelo App
6310296;75;2026-02-10;424,18;424,18;0;Lido pelo App
6310298;75;2026-02-10;424,18;424,18;0;Lido pelo App
6310299;75;2026-02-10;424,18;424,18;0;Lido pelo App
6310301;75;2026-02-10;424,18;424,18;0;Lido pelo App
6310302;75;2026-02-10;424,18;424,18;0;Lido pelo App
6310303;75;2026-02-10;424,18;424,18;0;Lido pelo App
6310307;75;2026-02-10;424,18;424,18;0;Lido pelo App
6310308;75;2026-02-10;424,18;424,18;0;Lido pelo App
6310312;75;2026-02-10;424,18;424,18;0;Lido pelo App
6310317;75;2026-02-10;424,18;424,18;0;Lido pelo App
6310321;75;2026-02-10;424,18;424,18;0;Lido pelo App
6310322;75;2026-02-10;424,18;424,18;0;Lido pelo App
6310323;75;2026-02-10;424,18;424,18;0;Lido pelo App
6310332;75;2026-02-10;424,18;424,18;0;Lido pelo App
6310336;75;2026-02-10;424,18;424,18;0;Lido pelo App
6310340;75;2026-02-10;424,18;424,18;0;Lido pelo App
6310341;75;2026-02-10;424,18;424,18;0;Lido pelo App
6310348;75;2026-02-10;424,18;424,18;0;Lido pelo App
6310350;75;2026-02-10;424,18;424,18;0;Lido pelo App
6310353;75;2026-02-10;424,18;424,18;0;Lido pelo App
6310354;75;2026-02-10;454,18;454,18;0;Lido pelo App
6310356;75;2026-02-10;424,18;424,18;0;Lido pelo App
6310358;75;2026-02-10;424,18;424,18;0;Lido pelo App
6310363;75;2026-02-10;424,18;424,18;0;Lido pelo App
6310365;75;2026-02-10;424,18;424,18;0;Lido pelo App
6310366;75;2026-02-10;424,18;424,18;0;Lido pelo App
6310367;75;2026-02-10;424,18;424,18;0;Lido pelo App
6310368;75;2026-02-10;424,18;424,18;0;Lido pelo App
6310372;75;2026-02-10;424,18;424,18;0;Lido pelo App
6310373;75;2026-02-10;424,18;424,18;0;Lido pelo App
6310374;75;2026-02-10;424,18;424,18;0;Lido pelo App
6310382;75;2026-02-10;424,18;424,18;0;Lido pelo App
6310388;75;2026-02-10;424,18;424,18;0;Lido pelo App
6310390;75;2026-02-10;424,18;424,18;0;Lido pelo App
6310394;75;2026-02-10;424,18;424,18;0;Lido pelo App
6310396;75;2026-02-10;424,18;424,18;0;Lido pelo App
6310399;75;2026-02-10;424,18;424,18;0;Lido pelo App
6310401;75;2026-02-10;424,18;424,18;0;Lido pelo App
6310406;75;2026-02-10;424,18;424,18;0;Lido pelo App
6310407;75;2026-02-10;424,18;424,18;0;Lido pelo App
6310410;75;2026-02-10;424,18;424,18;0;Lido pelo App
6310416;75;2026-02-10;424,18;424,18;0;Lido pelo App
6310420;75;2026-02-10;424,18;424,18;0;Lido pelo App
6310424;75;2026-02-10;424,18;424,18;0;Lido pelo App
6310426;75;2026-02-10;454,18;454,18;0;Lido pelo App
6310430;75;2026-02-10;424,18;424,18;0;Lido pelo App
6310438;75;2026-02-10;424,18;424,18;0;Lido pelo App
6310443;75;2026-02-10;424,18;424,18;0;Lido pelo App
6310445;75;2026-02-10;424,18;424,18;0;Lido pelo App
6310453;75;2026-02-10;424,18;424,18;0;Lido pelo App
6310455;75;2026-02-10;424,18;424,18;0;Lido pelo App
6310462;75;2026-02-10;424,18;424,18;0;Lido pelo App
6310463;75;2026-02-10;424,18;424,18;0;Lido pelo App
6310464;75;2026-02-10;424,18;424,18;0;Lido pelo App
6310465;75;2026-02-10;424,18;424,18;0;Lido pelo App
6310466;75;2026-02-10;424,18;424,18;0;Lido pelo App
6310467;75;2026-02-10;424,18;424,18;0;Lido pelo App
6310468;75;2026-02-10;424,18;424,18;0;Lido pelo App
6310471;75;2026-02-10;424,18;424,18;0;Lido pelo App
6310472;75;2026-02-10;424,18;424,18;0;Lido pelo App
6310476;75;2026-02-10;424,18;424,18;0;Lido pelo App
6310478;75;2026-02-10;424,18;424,18;0;Lido pelo App
6310481;75;2026-02-10;424,18;424,18;0;Lido pelo App
6310483;75;2026-02-10;424,18;424,18;0;Lido pelo App
6310484;75;2026-02-10;424,18;424,18;0;Lido pelo App
6310487;75;2026-02-10;424,18;424,18;0;Lido pelo App
6310496;75;2026-02-10;424,18;424,18;0;Lido pelo App
6310500;75;2026-02-10;424,18;424,18;0;Lido pelo App
6310503;75;2026-02-10;424,18;424,18;0;Lido pelo App
6310506;75;2026-02-10;424,18;424,18;0;Lido pelo App
6310508;75;2026-02-10;424,18;424,18;0;Lido pelo App
6310511;75;2026-02-10;424,18;424,18;0;Lido pelo App
6310516;75;2026-02-10;424,18;424,18;0;Lido pelo App
6310517;75;2026-02-10;424,18;424,18;0;Lido pelo App
6310518;75;2026-02-10;424,18;424,18;0;Lido pelo App
6310524;75;2026-02-10;424,18;424,18;0;Lido pelo App
6310525;75;2026-02-10;424,18;424,18;0;Lido pelo App
6310527;75;2026-02-10;424,18;424,18;0;Lido pelo App
6310532;75;2026-02-10;424,18;424,18;0;Lido pelo App
6310533;75;2026-02-10;424,18;424,18;0;Lido pelo App
6310535;75;2026-02-10;424,18;424,18;0;Lido pelo App
6310537;75;2026-02-10;424,18;424,18;0;Lido pelo App
6310543;75;2026-02-10;424,18;424,18;0;Lido pelo App
6310547;75;2026-02-10;424,18;424,18;0;Lido pelo App
6310551;75;2026-02-10;424,18;424,18;0;Lido pelo App
6310552;75;2026-02-10;424,18;424,18;0;Lido pelo App
6310559;75;2026-02-10;424,18;424,18;0;Lido pelo App
6310574;75;2026-02-10;424,18;424,18;0;Lido pelo App
6310577;75;2026-02-10;424,18;424,18;0;Lido pelo App
6310578;75;2026-02-10;424,18;424,18;0;Lido pelo App
6310580;75;2026-02-10;424,18;424,18;0;Lido pelo App
6310582;75;2026-02-10;424,18;424,18;0;Lido pelo App
6310583;75;2026-02-10;424,18;424,18;0;Lido pelo App
6310587;75;2026-02-10;424,18;424,18;0;Lido pelo App
6310589;75;2026-02-10;424,18;424,18;0;Lido pelo App
6310590;75;2026-02-10;424,18;424,18;0;Lido pelo App
6310591;75;2026-02-10;424,18;424,18;0;Lido pelo App
6310592;75;2026-02-10;424,18;424,18;0;Lido pelo App
6310593;75;2026-02-10;424,18;424,18;0;Lido pelo App
6310595;75;2026-02-10;424,18;424,18;0;Lido pelo App
6310607;75;2026-02-10;424,18;424,18;0;Lido pelo App
6310608;75;2026-02-10;424,18;424,18;0;Lido pelo App
6310614;75;2026-02-10;424,18;424,18;0;Lido pelo App
6310619;75;2026-02-10;424,18;424,18;0;Lido pelo App
6310624;75;2026-02-10;424,18;424,18;0;Lido pelo App
6310625;75;2026-02-10;424,18;424,18;0;Lido pelo App
6310626;75;2026-02-10;424,18;424,18;0;Lido pelo App
6310627;75;2026-02-10;424,18;424,18;0;Lido pelo App
6310630;75;2026-02-10;424,18;424,18;0;Lido pelo App
6310635;75;2026-02-10;424,18;424,18;0;Lido pelo App
6310636;75;2026-02-10;424,18;424,18;0;Lido pelo App
6310637;75;2026-02-10;424,18;424,18;0;Lido pelo App
6310638;75;2026-02-10;424,18;424,18;0;Lido pelo App
6310644;75;2026-02-10;424,18;424,18;0;Lido pelo App
6359808;75;2026-09-04;230,54;337,00;5;origem 5 (Juridico)
6359809;75;2026-10-04;230,54;337,00;5;origem 5 (Juridico)
6438260;75;2025-12-08;-233,10;-345,03;3;origem 3 (Amigavel/Outro)
6544847;75;2026-03-10;424,18;424,18;0;Lido pelo App
6544849;75;2026-03-10;424,18;424,18;0;Lido pelo App
6544860;75;2026-03-10;424,18;424,18;0;Lido pelo App
6544867;75;2026-03-10;424,18;424,18;0;Lido pelo App
6544869;75;2026-03-10;424,18;424,18;0;Lido pelo App
6544874;75;2026-03-10;424,18;424,18;0;Lido pelo App
6544875;75;2026-03-10;424,18;424,18;0;Lido pelo App
6544877;75;2026-03-10;424,18;424,18;0;Lido pelo App
6544883;75;2026-03-10;424,18;424,18;0;Lido pelo App
6544885;75;2026-03-10;424,18;424,18;0;Lido pelo App
6544887;75;2026-03-10;454,18;454,18;0;Lido pelo App
6544892;75;2026-03-10;424,18;424,18;0;Lido pelo App
6544895;75;2026-03-10;424,18;424,18;0;Lido pelo App
6544896;75;2026-03-10;454,18;454,18;0;Lido pelo App
6544899;75;2026-03-10;424,18;424,18;0;Lido pelo App
6544903;75;2026-03-10;424,18;424,18;0;Lido pelo App
6544904;75;2026-03-10;424,18;424,18;0;Lido pelo App
6544905;75;2026-03-10;424,18;424,18;0;Lido pelo App
6544918;75;2026-03-10;424,18;424,18;0;Lido pelo App
6544919;75;2026-03-10;424,18;424,18;0;Lido pelo App
6544920;75;2026-03-10;424,18;424,18;0;Lido pelo App
6544921;75;2026-03-10;424,18;424,18;0;Lido pelo App
6544925;75;2026-03-10;424,18;424,18;0;Lido pelo App
6544926;75;2026-03-10;424,18;424,18;0;Lido pelo App
6544928;75;2026-03-10;424,18;424,18;0;Lido pelo App
6544931;75;2026-03-10;424,18;424,18;0;Lido pelo App
6544933;75;2026-03-10;424,18;424,18;0;Lido pelo App
6544934;75;2026-03-10;424,18;424,18;0;Lido pelo App
6544936;75;2026-03-10;424,18;424,18;0;Lido pelo App
6544937;75;2026-03-10;424,18;424,18;0;Lido pelo App
6544942;75;2026-03-10;424,18;424,18;0;Lido pelo App
6544945;75;2026-03-10;424,18;424,18;0;Lido pelo App
6544953;75;2026-03-10;424,18;424,18;0;Lido pelo App
6544958;75;2026-03-10;424,18;424,18;0;Lido pelo App
6544960;75;2026-03-10;424,18;424,18;0;Lido pelo App
6544961;75;2026-03-10;424,18;424,18;0;Lido pelo App
6544962;75;2026-03-10;424,18;424,18;0;Lido pelo App
6544963;75;2026-03-10;424,18;424,18;0;Lido pelo App
6544965;75;2026-03-10;424,18;424,18;0;Lido pelo App
6544966;75;2026-03-10;424,18;424,18;0;Lido pelo App
6544967;75;2026-03-10;424,18;424,18;0;Lido pelo App
6544969;75;2026-03-10;424,18;424,18;0;Lido pelo App
6544970;75;2026-03-10;424,18;424,18;0;Lido pelo App
6544972;75;2026-03-10;424,18;424,18;0;Lido pelo App
6544973;75;2026-03-10;424,18;424,18;0;Lido pelo App
6544975;75;2026-03-10;424,18;424,18;0;Lido pelo App
6544976;75;2026-03-10;424,18;424,18;0;Lido pelo App
6544982;75;2026-03-10;424,18;424,18;0;Lido pelo App
6544991;75;2026-03-10;424,18;424,18;0;Lido pelo App
6544995;75;2026-03-10;424,18;424,18;0;Lido pelo App
6544996;75;2026-03-10;424,18;424,18;0;Lido pelo App
6544997;75;2026-03-10;424,18;424,18;0;Lido pelo App
6545006;75;2026-03-10;424,18;424,18;0;Lido pelo App
6545010;75;2026-03-10;424,18;424,18;0;Lido pelo App
6545014;75;2026-03-10;424,18;424,18;0;Lido pelo App
6545015;75;2026-03-10;424,18;424,18;0;Lido pelo App
6545022;75;2026-03-10;424,18;424,18;0;Lido pelo App
6545024;75;2026-03-10;424,18;424,18;0;Lido pelo App
6545027;75;2026-03-10;424,18;424,18;0;Lido pelo App
6545028;75;2026-03-10;454,18;454,18;0;Lido pelo App
6545029;75;2026-03-10;424,18;424,18;0;Lido pelo App
6545030;75;2026-03-10;424,18;424,18;0;Lido pelo App
6545032;75;2026-03-10;424,18;424,18;0;Lido pelo App
6545037;75;2026-03-10;424,18;424,18;0;Lido pelo App
6545039;75;2026-03-10;424,18;424,18;0;Lido pelo App
6545040;75;2026-03-10;424,18;424,18;0;Lido pelo App
6545041;75;2026-03-10;424,18;424,18;0;Lido pelo App
6545042;75;2026-03-10;424,18;424,18;0;Lido pelo App
6545046;75;2026-03-10;424,18;424,18;0;Lido pelo App
6545048;75;2026-03-10;424,18;424,18;0;Lido pelo App
6545056;75;2026-03-10;424,18;424,18;0;Lido pelo App
6545062;75;2026-03-10;424,18;424,18;0;Lido pelo App
6545064;75;2026-03-10;424,18;424,18;0;Lido pelo App
6545068;75;2026-03-10;424,18;424,18;0;Lido pelo App
6545070;75;2026-03-10;424,18;424,18;0;Lido pelo App
6545073;75;2026-03-10;424,18;424,18;0;Lido pelo App
6545075;75;2026-03-10;424,18;424,18;0;Lido pelo App
6545080;75;2026-03-10;424,18;424,18;0;Lido pelo App
6545081;75;2026-03-10;424,18;424,18;0;Lido pelo App
6545084;75;2026-03-10;424,18;424,18;0;Lido pelo App
6545090;75;2026-03-10;424,18;424,18;0;Lido pelo App
6545094;75;2026-03-10;424,18;424,18;0;Lido pelo App
6545098;75;2026-03-10;424,18;424,18;0;Lido pelo App
6545100;75;2026-03-10;454,18;454,18;0;Lido pelo App
6545104;75;2026-03-10;424,18;424,18;0;Lido pelo App
6545112;75;2026-03-10;424,18;424,18;0;Lido pelo App
6545117;75;2026-03-10;424,18;424,18;0;Lido pelo App
6545119;75;2026-03-10;424,18;424,18;0;Lido pelo App
6545127;75;2026-03-10;424,18;424,18;0;Lido pelo App
6545129;75;2026-03-10;424,18;424,18;0;Lido pelo App
6545136;75;2026-03-10;424,18;424,18;0;Lido pelo App
6545137;75;2026-03-10;424,18;424,18;0;Lido pelo App
6545138;75;2026-03-10;424,18;424,18;0;Lido pelo App
6545139;75;2026-03-10;424,18;424,18;0;Lido pelo App
6545140;75;2026-03-10;424,18;424,18;0;Lido pelo App
6545141;75;2026-03-10;424,18;424,18;0;Lido pelo App
6545142;75;2026-03-10;424,18;424,18;0;Lido pelo App
6545145;75;2026-03-10;424,18;424,18;0;Lido pelo App
6545146;75;2026-03-10;424,18;424,18;0;Lido pelo App
6545150;75;2026-03-10;424,18;424,18;0;Lido pelo App
6545152;75;2026-03-10;424,18;424,18;0;Lido pelo App
6545157;75;2026-03-10;424,18;424,18;0;Lido pelo App
6545161;75;2026-03-10;424,18;424,18;0;Lido pelo App
6545170;75;2026-03-10;424,18;424,18;0;Lido pelo App
6545174;75;2026-03-10;424,18;424,18;0;Lido pelo App
6545177;75;2026-03-10;424,18;424,18;0;Lido pelo App
6545179;75;2026-03-10;424,18;424,18;0;Lido pelo App
6545180;75;2026-03-10;424,18;424,18;0;Lido pelo App
6545182;75;2026-03-10;424,18;424,18;0;Lido pelo App
6545183;75;2026-03-10;424,18;424,18;0;Lido pelo App
6545185;75;2026-03-10;424,18;424,18;0;Lido pelo App
6545190;75;2026-03-10;424,18;424,18;0;Lido pelo App
6545191;75;2026-03-10;424,18;424,18;0;Lido pelo App
6545192;75;2026-03-10;424,18;424,18;0;Lido pelo App
6545198;75;2026-03-10;424,18;424,18;0;Lido pelo App
6545201;75;2026-03-10;424,18;424,18;0;Lido pelo App
6545203;75;2026-03-10;424,18;424,18;0;Lido pelo App
6545206;75;2026-03-10;424,18;424,18;0;Lido pelo App
6545207;75;2026-03-10;424,18;424,18;0;Lido pelo App
6545208;75;2026-03-10;424,18;424,18;0;Lido pelo App
6545209;75;2026-03-10;424,18;424,18;0;Lido pelo App
6545211;75;2026-03-10;424,18;424,18;0;Lido pelo App
6545215;75;2026-03-10;424,18;424,18;0;Lido pelo App
6545217;75;2026-03-10;424,18;424,18;0;Lido pelo App
6545220;75;2026-03-10;424,18;424,18;0;Lido pelo App
6545221;75;2026-03-10;424,18;424,18;0;Lido pelo App
6545224;75;2026-03-10;424,18;424,18;0;Lido pelo App
6545225;75;2026-03-10;424,18;424,18;0;Lido pelo App
6545226;75;2026-03-10;424,18;424,18;0;Lido pelo App
6545233;75;2026-03-10;424,18;424,18;0;Lido pelo App
6545239;75;2026-03-10;424,18;424,18;0;Lido pelo App
6545248;75;2026-03-10;424,18;424,18;0;Lido pelo App
6545251;75;2026-03-10;424,18;424,18;0;Lido pelo App
6545252;75;2026-03-10;424,18;424,18;0;Lido pelo App
6545254;75;2026-03-10;424,18;424,18;0;Lido pelo App
6545256;75;2026-03-10;424,18;424,18;0;Lido pelo App
6545257;75;2026-03-10;424,18;424,18;0;Lido pelo App
6545261;75;2026-03-10;424,18;424,18;0;Lido pelo App
6545263;75;2026-03-10;424,18;424,18;0;Lido pelo App
6545264;75;2026-03-10;424,18;424,18;0;Lido pelo App
6545265;75;2026-03-10;424,18;424,18;0;Lido pelo App
6545266;75;2026-03-10;424,18;424,18;0;Lido pelo App
6545267;75;2026-03-10;424,18;424,18;0;Lido pelo App
6545269;75;2026-03-10;424,18;424,18;0;Lido pelo App
6545278;75;2026-03-10;424,18;424,18;0;Lido pelo App
6545281;75;2026-03-10;424,18;424,18;0;Lido pelo App
6545282;75;2026-03-10;424,18;424,18;0;Lido pelo App
6545286;75;2026-03-10;424,18;424,18;0;Lido pelo App
6545288;75;2026-03-10;424,18;424,18;0;Lido pelo App
6545293;75;2026-03-10;424,18;424,18;0;Lido pelo App
6545298;75;2026-03-10;424,18;424,18;0;Lido pelo App
6545299;75;2026-03-10;424,18;424,18;0;Lido pelo App
6545300;75;2026-03-10;424,18;424,18;0;Lido pelo App
6545301;75;2026-03-10;424,18;424,18;0;Lido pelo App
6545304;75;2026-03-10;424,18;424,18;0;Lido pelo App
6545305;75;2026-03-10;424,18;424,18;0;Lido pelo App
6545311;75;2026-03-10;424,18;424,18;0;Lido pelo App
6545312;75;2026-03-10;424,18;424,18;0;Lido pelo App
6545317;75;2026-03-10;424,18;424,18;0;Lido pelo App
6545318;75;2026-03-10;424,18;424,18;0;Lido pelo App
6608969;75;2026-08-20;251,57;391,99;5;origem 5 (Juridico)
6608970;75;2026-09-21;251,57;391,99;5;origem 5 (Juridico)
6608971;75;2026-10-20;251,57;391,99;5;origem 5 (Juridico)
6624904;75;2026-04-10;343,24;343,24;0;Lido pelo App
6624906;75;2026-04-10;343,24;343,24;0;Lido pelo App
6624924;75;2026-04-10;343,24;343,24;0;Lido pelo App
6624926;75;2026-04-10;343,24;343,24;0;Lido pelo App
6624932;75;2026-04-10;343,24;343,24;0;Lido pelo App
6624934;75;2026-04-10;343,24;343,24;0;Lido pelo App
6624942;75;2026-04-10;343,24;343,24;0;Lido pelo App
6624944;75;2026-04-10;373,24;373,24;0;Lido pelo App
6624949;75;2026-04-10;343,24;343,24;0;Lido pelo App
6624952;75;2026-04-10;343,24;343,24;0;Lido pelo App
6624953;75;2026-04-10;373,24;373,24;0;Lido pelo App
6624956;75;2026-04-10;343,24;343,24;0;Lido pelo App
6624960;75;2026-04-10;343,24;343,24;0;Lido pelo App
6624961;75;2026-04-10;343,24;343,24;0;Lido pelo App
6624962;75;2026-04-10;343,24;343,24;0;Lido pelo App
6624965;75;2026-04-10;343,24;343,24;0;Lido pelo App
6624975;75;2026-04-10;343,24;343,24;0;Lido pelo App
6624976;75;2026-04-10;343,24;343,24;0;Lido pelo App
6624977;75;2026-04-10;343,24;343,24;0;Lido pelo App
6624978;75;2026-04-10;343,24;343,24;0;Lido pelo App
6624982;75;2026-04-10;343,24;343,24;0;Lido pelo App
6624983;75;2026-04-10;343,24;343,24;0;Lido pelo App
6624985;75;2026-04-10;343,24;343,24;0;Lido pelo App
6624988;75;2026-04-10;343,24;343,24;0;Lido pelo App
6624990;75;2026-04-10;343,24;343,24;0;Lido pelo App
6624991;75;2026-04-10;343,24;343,24;0;Lido pelo App
6624993;75;2026-04-10;343,24;343,24;0;Lido pelo App
6624994;75;2026-04-10;343,24;343,24;0;Lido pelo App
6624999;75;2026-04-10;343,24;343,24;0;Lido pelo App
6625002;75;2026-04-10;343,24;343,24;0;Lido pelo App
6625010;75;2026-04-10;343,24;343,24;0;Lido pelo App
6625015;75;2026-04-10;343,24;343,24;0;Lido pelo App
6625017;75;2026-04-10;343,24;343,24;0;Lido pelo App
6625018;75;2026-04-10;343,24;343,24;0;Lido pelo App
6625019;75;2026-04-10;343,24;343,24;0;Lido pelo App
6625020;75;2026-04-10;343,24;343,24;0;Lido pelo App
6625022;75;2026-04-10;343,24;343,24;0;Lido pelo App
6625023;75;2026-04-10;343,24;343,24;0;Lido pelo App
6625024;75;2026-04-10;343,24;343,24;0;Lido pelo App
6625025;75;2026-04-10;343,24;343,24;0;Lido pelo App
6625026;75;2026-04-10;343,24;343,24;0;Lido pelo App
6625027;75;2026-04-10;343,24;343,24;0;Lido pelo App
6625029;75;2026-04-10;343,24;343,24;0;Lido pelo App
6625030;75;2026-04-10;343,24;343,24;0;Lido pelo App
6625032;75;2026-04-10;343,24;343,24;0;Lido pelo App
6625033;75;2026-04-10;343,24;343,24;0;Lido pelo App
6625034;75;2026-04-10;343,24;343,24;0;Lido pelo App
6625041;75;2026-04-10;343,24;343,24;0;Lido pelo App
6625043;75;2026-04-10;343,24;343,24;0;Lido pelo App
6625048;75;2026-04-10;343,24;343,24;0;Lido pelo App
6625052;75;2026-04-10;343,24;343,24;0;Lido pelo App
6625053;75;2026-04-10;343,24;343,24;0;Lido pelo App
6625054;75;2026-04-10;343,24;343,24;0;Lido pelo App
6625067;75;2026-04-10;343,24;343,24;0;Lido pelo App
6625071;75;2026-04-10;343,24;343,24;0;Lido pelo App
6625072;75;2026-04-10;343,24;343,24;0;Lido pelo App
6625079;75;2026-04-10;343,24;343,24;0;Lido pelo App
6625081;75;2026-04-10;343,24;343,24;0;Lido pelo App
6625082;75;2026-04-10;343,24;343,24;0;Lido pelo App
6625084;75;2026-04-10;343,24;343,24;0;Lido pelo App
6625085;75;2026-04-10;373,24;373,24;0;Lido pelo App
6625086;75;2026-04-10;343,24;343,24;0;Lido pelo App
6625087;75;2026-04-10;343,24;343,24;0;Lido pelo App
6625089;75;2026-04-10;343,24;343,24;0;Lido pelo App
6625094;75;2026-04-10;343,24;343,24;0;Lido pelo App
6625096;75;2026-04-10;343,24;343,24;0;Lido pelo App
6625097;75;2026-04-10;343,24;343,24;0;Lido pelo App
6625098;75;2026-04-10;343,24;343,24;0;Lido pelo App
6625099;75;2026-04-10;343,24;343,24;0;Lido pelo App
6625103;75;2026-04-10;343,24;343,24;0;Lido pelo App
6625104;75;2026-04-10;343,24;343,24;0;Lido pelo App
6625105;75;2026-04-10;343,24;343,24;0;Lido pelo App
6625113;75;2026-04-10;343,24;343,24;0;Lido pelo App
6625119;75;2026-04-10;343,24;343,24;0;Lido pelo App
6625121;75;2026-04-10;343,24;343,24;0;Lido pelo App
6625125;75;2026-04-10;343,24;343,24;0;Lido pelo App
6625127;75;2026-04-10;343,24;343,24;0;Lido pelo App
6625130;75;2026-04-10;343,24;343,24;0;Lido pelo App
6625132;75;2026-04-10;343,24;343,24;0;Lido pelo App
6625137;75;2026-04-10;343,24;343,24;0;Lido pelo App
6625138;75;2026-04-10;343,24;343,24;0;Lido pelo App
6625141;75;2026-04-10;343,24;343,24;0;Lido pelo App
6625147;75;2026-04-10;343,24;343,24;0;Lido pelo App
6625151;75;2026-04-10;343,24;343,24;0;Lido pelo App
6625155;75;2026-04-10;343,24;343,24;0;Lido pelo App
6625157;75;2026-04-10;373,24;373,24;0;Lido pelo App
6625160;75;2026-04-10;343,24;343,24;0;Lido pelo App
6625161;75;2026-04-10;343,24;343,24;0;Lido pelo App
6625169;75;2026-04-10;343,24;343,24;0;Lido pelo App
6625174;75;2026-04-10;343,24;343,24;0;Lido pelo App
6625176;75;2026-04-10;343,24;343,24;0;Lido pelo App
6625184;75;2026-04-10;343,24;343,24;0;Lido pelo App
6625193;75;2026-04-10;343,24;343,24;0;Lido pelo App
6625194;75;2026-04-10;343,24;343,24;0;Lido pelo App
6625195;75;2026-04-10;343,24;343,24;0;Lido pelo App
6625196;75;2026-04-10;343,24;343,24;0;Lido pelo App
6625197;75;2026-04-10;343,24;343,24;0;Lido pelo App
6625198;75;2026-04-10;343,24;343,24;0;Lido pelo App
6625199;75;2026-04-10;343,24;343,24;0;Lido pelo App
6625202;75;2026-04-10;343,24;343,24;0;Lido pelo App
6625203;75;2026-04-10;343,24;343,24;0;Lido pelo App
6625207;75;2026-04-10;343,24;343,24;0;Lido pelo App
6625209;75;2026-04-10;343,24;343,24;0;Lido pelo App
6625218;75;2026-04-10;343,24;343,24;0;Lido pelo App
6625225;75;2026-04-10;343,24;343,24;0;Lido pelo App
6625230;75;2026-04-10;343,24;343,24;0;Lido pelo App
6625231;75;2026-04-10;343,24;343,24;0;Lido pelo App
6625233;75;2026-04-10;343,24;343,24;0;Lido pelo App
6625234;75;2026-04-10;343,24;343,24;0;Lido pelo App
6625236;75;2026-04-10;343,24;343,24;0;Lido pelo App
6625237;75;2026-04-10;343,24;343,24;0;Lido pelo App
6625239;75;2026-04-10;343,24;343,24;0;Lido pelo App
6625241;75;2026-04-10;343,24;343,24;0;Lido pelo App
6625242;75;2026-04-10;343,24;343,24;0;Lido pelo App
6625247;75;2026-04-10;343,24;343,24;0;Lido pelo App
6625249;75;2026-04-10;343,24;343,24;0;Lido pelo App
6625255;75;2026-04-10;343,24;343,24;0;Lido pelo App
6625256;75;2026-04-10;343,24;343,24;0;Lido pelo App
6625257;75;2026-04-10;343,24;343,24;0;Lido pelo App
6625259;75;2026-04-10;343,24;343,24;0;Lido pelo App
6625263;75;2026-04-10;343,24;343,24;0;Lido pelo App
6625264;75;2026-04-10;343,24;343,24;0;Lido pelo App
6625266;75;2026-04-10;343,24;343,24;0;Lido pelo App
6625268;75;2026-04-10;343,24;343,24;0;Lido pelo App
6625271;75;2026-04-10;343,24;343,24;0;Lido pelo App
6625274;75;2026-04-10;343,24;343,24;0;Lido pelo App
6625278;75;2026-04-10;343,24;343,24;0;Lido pelo App
6625281;75;2026-04-10;343,24;343,24;0;Lido pelo App
6625282;75;2026-04-10;343,24;343,24;0;Lido pelo App
6625283;75;2026-04-10;343,24;343,24;0;Lido pelo App
6625290;75;2026-04-10;343,24;343,24;0;Lido pelo App
6625296;75;2026-04-10;343,24;343,24;0;Lido pelo App
6625301;75;2026-04-10;343,24;343,24;0;Lido pelo App
6625305;75;2026-04-10;343,24;343,24;0;Lido pelo App
6625308;75;2026-04-10;343,24;343,24;0;Lido pelo App
6625313;75;2026-04-10;343,24;343,24;0;Lido pelo App
6625314;75;2026-04-10;343,24;343,24;0;Lido pelo App
6625318;75;2026-04-10;343,24;343,24;0;Lido pelo App
6625320;75;2026-04-10;343,24;343,24;0;Lido pelo App
6625321;75;2026-04-10;343,24;343,24;0;Lido pelo App
6625322;75;2026-04-10;343,24;343,24;0;Lido pelo App
6625323;75;2026-04-10;343,24;343,24;0;Lido pelo App
6625324;75;2026-04-10;343,24;343,24;0;Lido pelo App
6625326;75;2026-04-10;343,24;343,24;0;Lido pelo App
6625335;75;2026-04-10;343,24;343,24;0;Lido pelo App
6625339;75;2026-04-10;343,24;343,24;0;Lido pelo App
6625341;75;2026-04-10;343,24;343,24;0;Lido pelo App
6625343;75;2026-04-10;343,24;343,24;0;Lido pelo App
6625345;75;2026-04-10;343,24;343,24;0;Lido pelo App
6625350;75;2026-04-10;343,24;343,24;0;Lido pelo App
6625355;75;2026-04-10;343,24;343,24;0;Lido pelo App
6625356;75;2026-04-10;343,24;343,24;0;Lido pelo App
6625357;75;2026-04-10;343,24;343,24;0;Lido pelo App
6625358;75;2026-04-10;343,24;343,24;0;Lido pelo App
6625361;75;2026-04-10;343,24;343,24;0;Lido pelo App
6625362;75;2026-04-10;343,24;343,24;0;Lido pelo App
6625366;75;2026-04-10;343,24;343,24;0;Lido pelo App
6625367;75;2026-04-10;343,24;343,24;0;Lido pelo App
6625368;75;2026-04-10;343,24;343,24;0;Lido pelo App
6625369;75;2026-04-10;343,24;343,24;0;Lido pelo App
6625374;75;2026-04-10;343,24;343,24;0;Lido pelo App
6625375;75;2026-04-10;343,24;343,24;0;Lido pelo App
6776571;75;2026-05-10;343,24;343,24;0;Lido pelo App
6776584;75;2026-05-10;343,24;343,24;0;Lido pelo App
6776586;75;2026-05-10;343,24;343,24;0;Lido pelo App
6776589;75;2026-05-10;343,24;343,24;0;Lido pelo App
6776591;75;2026-05-10;343,24;343,24;0;Lido pelo App
6776597;75;2026-05-10;343,24;343,24;0;Lido pelo App
6776599;75;2026-05-10;343,24;343,24;0;Lido pelo App
6776605;75;2026-05-10;343,24;343,24;0;Lido pelo App
6776607;75;2026-05-10;343,24;343,24;0;Lido pelo App
6776609;75;2026-05-10;373,24;373,24;0;Lido pelo App
6776617;75;2026-05-10;343,24;343,24;0;Lido pelo App
6776618;75;2026-05-10;373,24;373,24;0;Lido pelo App
6776621;75;2026-05-10;343,24;343,24;0;Lido pelo App
6776625;75;2026-05-10;343,24;343,24;0;Lido pelo App
6776626;75;2026-05-10;343,24;343,24;0;Lido pelo App
6776627;75;2026-05-10;343,24;343,24;0;Lido pelo App
6776630;75;2026-05-10;343,24;343,24;0;Lido pelo App
6776640;75;2026-05-10;343,24;343,24;0;Lido pelo App
6776641;75;2026-05-10;343,24;343,24;0;Lido pelo App
6776642;75;2026-05-10;343,24;343,24;0;Lido pelo App
6776643;75;2026-05-10;343,24;343,24;0;Lido pelo App
6776647;75;2026-05-10;343,24;343,24;0;Lido pelo App
6776648;75;2026-05-10;343,24;343,24;0;Lido pelo App
6776650;75;2026-05-10;343,24;343,24;0;Lido pelo App
6776653;75;2026-05-10;343,24;343,24;0;Lido pelo App
6776655;75;2026-05-10;343,24;343,24;0;Lido pelo App
6776656;75;2026-05-10;343,24;343,24;0;Lido pelo App
6776658;75;2026-05-10;343,24;343,24;0;Lido pelo App
6776659;75;2026-05-10;343,24;343,24;0;Lido pelo App
6776664;75;2026-05-10;343,24;343,24;0;Lido pelo App
6776667;75;2026-05-10;343,24;343,24;0;Lido pelo App
6776675;75;2026-05-10;343,24;343,24;0;Lido pelo App
6776680;75;2026-05-10;343,24;343,24;0;Lido pelo App
6776682;75;2026-05-10;343,24;343,24;0;Lido pelo App
6776683;75;2026-05-10;343,24;343,24;0;Lido pelo App
6776684;75;2026-05-10;343,24;343,24;0;Lido pelo App
6776685;75;2026-05-10;343,24;343,24;0;Lido pelo App
6776687;75;2026-05-10;343,24;343,24;0;Lido pelo App
6776688;75;2026-05-10;343,24;343,24;0;Lido pelo App
6776689;75;2026-05-10;343,24;343,24;0;Lido pelo App
6776690;75;2026-05-10;343,24;343,24;0;Lido pelo App
6776691;75;2026-05-10;343,24;343,24;0;Lido pelo App
6776692;75;2026-05-10;343,24;343,24;0;Lido pelo App
6776694;75;2026-05-10;343,24;343,24;0;Lido pelo App
6776695;75;2026-05-10;373,24;373,24;0;Lido pelo App
6776697;75;2026-05-10;343,24;343,24;0;Lido pelo App
6776698;75;2026-05-10;343,24;343,24;0;Lido pelo App
6776699;75;2026-05-10;343,24;343,24;0;Lido pelo App
6776703;75;2026-05-10;343,24;343,24;0;Lido pelo App
6776706;75;2026-05-10;343,24;343,24;0;Lido pelo App
6776708;75;2026-05-10;343,24;343,24;0;Lido pelo App
6776713;75;2026-05-10;343,24;343,24;0;Lido pelo App
6776717;75;2026-05-10;343,24;343,24;0;Lido pelo App
6776718;75;2026-05-10;343,24;343,24;0;Lido pelo App
6776719;75;2026-05-10;343,24;343,24;0;Lido pelo App
6776732;75;2026-05-10;343,24;343,24;0;Lido pelo App
6776736;75;2026-05-10;343,24;343,24;0;Lido pelo App
6776737;75;2026-05-10;343,24;343,24;0;Lido pelo App
6776744;75;2026-05-10;343,24;343,24;0;Lido pelo App
6776746;75;2026-05-10;343,24;343,24;0;Lido pelo App
6776747;75;2026-05-10;343,24;343,24;0;Lido pelo App
6776749;75;2026-05-10;343,24;343,24;0;Lido pelo App
6776750;75;2026-05-10;373,24;373,24;0;Lido pelo App
6776751;75;2026-05-10;343,24;343,24;0;Lido pelo App
6776752;75;2026-05-10;343,24;343,24;0;Lido pelo App
6776754;75;2026-05-10;343,24;343,24;0;Lido pelo App
6776759;75;2026-05-10;343,24;343,24;0;Lido pelo App
6776761;75;2026-05-10;343,24;343,24;0;Lido pelo App
6776762;75;2026-05-10;343,24;343,24;0;Lido pelo App
6776763;75;2026-05-10;343,24;343,24;0;Lido pelo App
6776768;75;2026-05-10;343,24;343,24;0;Lido pelo App
6776769;75;2026-05-10;343,24;343,24;0;Lido pelo App
6776770;75;2026-05-10;343,24;343,24;0;Lido pelo App
6776778;75;2026-05-10;343,24;343,24;0;Lido pelo App
6776784;75;2026-05-10;343,24;343,24;0;Lido pelo App
6776786;75;2026-05-10;343,24;343,24;0;Lido pelo App
6776790;75;2026-05-10;343,24;343,24;0;Lido pelo App
6776792;75;2026-05-10;343,24;343,24;0;Lido pelo App
6776795;75;2026-05-10;343,24;343,24;0;Lido pelo App
6776797;75;2026-05-10;343,24;343,24;0;Lido pelo App
6776802;75;2026-05-10;343,24;343,24;0;Lido pelo App
6776803;75;2026-05-10;343,24;343,24;0;Lido pelo App
6776806;75;2026-05-10;343,24;343,24;0;Lido pelo App
6776812;75;2026-05-10;343,24;343,24;0;Lido pelo App
6776816;75;2026-05-10;343,24;343,24;0;Lido pelo App
6776820;75;2026-05-10;343,24;343,24;0;Lido pelo App
6776822;75;2026-05-10;373,24;373,24;0;Lido pelo App
6776825;75;2026-05-10;343,24;343,24;0;Lido pelo App
6776826;75;2026-05-10;343,24;343,24;0;Lido pelo App
6776830;75;2026-05-10;343,24;343,24;0;Lido pelo App
6776834;75;2026-05-10;343,24;343,24;0;Lido pelo App
6776839;75;2026-05-10;343,24;343,24;0;Lido pelo App
6776840;75;2026-05-10;343,24;343,24;0;Lido pelo App
6776841;75;2026-05-10;343,24;343,24;0;Lido pelo App
6776845;75;2026-05-10;343,24;343,24;0;Lido pelo App
6776849;75;2026-05-10;343,24;343,24;0;Lido pelo App
6776851;75;2026-05-10;343,24;343,24;0;Lido pelo App
6776856;75;2026-05-10;343,24;343,24;0;Lido pelo App
6776858;75;2026-05-10;343,24;343,24;0;Lido pelo App
6776859;75;2026-05-10;343,24;343,24;0;Lido pelo App
6776860;75;2026-05-10;343,24;343,24;0;Lido pelo App
6776861;75;2026-05-10;343,24;343,24;0;Lido pelo App
6776862;75;2026-05-10;343,24;343,24;0;Lido pelo App
6776864;75;2026-05-10;343,24;343,24;0;Lido pelo App
6776867;75;2026-05-10;343,24;343,24;0;Lido pelo App
6776868;75;2026-05-10;343,24;343,24;0;Lido pelo App
6776872;75;2026-05-10;343,24;343,24;0;Lido pelo App
6776874;75;2026-05-10;343,24;343,24;0;Lido pelo App
6776877;75;2026-05-10;343,24;343,24;0;Lido pelo App
6776880;75;2026-05-10;343,24;343,24;0;Lido pelo App
6776881;75;2026-05-10;373,24;373,24;0;Lido pelo App
6776883;75;2026-05-10;343,24;343,24;0;Lido pelo App
6776890;75;2026-05-10;343,24;343,24;0;Lido pelo App
6776893;75;2026-05-10;343,24;343,24;0;Lido pelo App
6776895;75;2026-05-10;343,24;343,24;0;Lido pelo App
6776896;75;2026-05-10;343,24;343,24;0;Lido pelo App
6776899;75;2026-05-10;343,24;343,24;0;Lido pelo App
6776901;75;2026-05-10;343,24;343,24;0;Lido pelo App
6776902;75;2026-05-10;343,24;343,24;0;Lido pelo App
6776904;75;2026-05-10;343,24;343,24;0;Lido pelo App
6776906;75;2026-05-10;343,24;343,24;0;Lido pelo App
6776907;75;2026-05-10;343,24;343,24;0;Lido pelo App
6776912;75;2026-05-10;343,24;343,24;0;Lido pelo App
6776914;75;2026-05-10;343,24;343,24;0;Lido pelo App
6776920;75;2026-05-10;343,24;343,24;0;Lido pelo App
6776921;75;2026-05-10;343,24;343,24;0;Lido pelo App
6776922;75;2026-05-10;343,24;343,24;0;Lido pelo App
6776924;75;2026-05-10;343,24;343,24;0;Lido pelo App
6776928;75;2026-05-10;343,24;343,24;0;Lido pelo App
6776929;75;2026-05-10;343,24;343,24;0;Lido pelo App
6776930;75;2026-05-10;343,24;343,24;0;Lido pelo App
6776931;75;2026-05-10;343,24;343,24;0;Lido pelo App
6776933;75;2026-05-10;343,24;343,24;0;Lido pelo App
6776936;75;2026-05-10;343,24;343,24;0;Lido pelo App
6776939;75;2026-05-10;343,24;343,24;0;Lido pelo App
6776942;75;2026-05-10;343,24;343,24;0;Lido pelo App
6776943;75;2026-05-10;343,24;343,24;0;Lido pelo App
6776946;75;2026-05-10;343,24;343,24;0;Lido pelo App
6776947;75;2026-05-10;343,24;343,24;0;Lido pelo App
6776948;75;2026-05-10;343,24;343,24;0;Lido pelo App
6776961;75;2026-05-10;343,24;343,24;0;Lido pelo App
6776966;75;2026-05-10;343,24;343,24;0;Lido pelo App
6776970;75;2026-05-10;343,24;343,24;0;Lido pelo App
6776973;75;2026-05-10;343,24;343,24;0;Lido pelo App
6776978;75;2026-05-10;343,24;343,24;0;Lido pelo App
6776979;75;2026-05-10;343,24;343,24;0;Lido pelo App
6776983;75;2026-05-10;343,24;343,24;0;Lido pelo App
6776985;75;2026-05-10;343,24;343,24;0;Lido pelo App
6776986;75;2026-05-10;343,24;343,24;0;Lido pelo App
6776987;75;2026-05-10;343,24;343,24;0;Lido pelo App
6776988;75;2026-05-10;343,24;343,24;0;Lido pelo App
6776989;75;2026-05-10;343,24;343,24;0;Lido pelo App
6776991;75;2026-05-10;343,24;343,24;0;Lido pelo App
6777000;75;2026-05-10;343,24;343,24;0;Lido pelo App
6777004;75;2026-05-10;343,24;343,24;0;Lido pelo App
6777006;75;2026-05-10;343,24;343,24;0;Lido pelo App
6777008;75;2026-05-10;343,24;343,24;0;Lido pelo App
6777009;75;2026-05-10;343,24;343,24;0;Lido pelo App
6777010;75;2026-05-10;343,24;343,24;0;Lido pelo App
6777015;75;2026-05-10;343,24;343,24;0;Lido pelo App
6777020;75;2026-05-10;343,24;343,24;0;Lido pelo App
6777021;75;2026-05-10;343,24;343,24;0;Lido pelo App
6777022;75;2026-05-10;343,24;343,24;0;Lido pelo App
6777023;75;2026-05-10;343,24;343,24;0;Lido pelo App
6777026;75;2026-05-10;343,24;343,24;0;Lido pelo App
6777027;75;2026-05-10;343,24;343,24;0;Lido pelo App
6777031;75;2026-05-10;343,24;343,24;0;Lido pelo App
6777033;75;2026-05-10;343,24;343,24;0;Lido pelo App
6777034;75;2026-05-10;343,24;343,24;0;Lido pelo App
6777039;75;2026-05-10;343,24;343,24;0;Lido pelo App
6777040;75;2026-05-10;343,24;343,24;0;Lido pelo App
6831894;75;2026-07-08;199,18;306,64;5;origem 5 (Juridico)
6831895;75;2026-08-08;199,18;306,64;5;origem 5 (Juridico)
6831896;75;2026-09-08;199,18;306,64;5;origem 5 (Juridico)
6831897;75;2026-10-08;199,18;306,64;5;origem 5 (Juridico)
6930722;75;2026-07-15;235,58;397,66;5;origem 5 (Juridico)
6930723;75;2026-08-15;235,58;397,66;5;origem 5 (Juridico)
6930724;75;2026-09-15;235,58;397,66;5;origem 5 (Juridico)
6930725;75;2026-10-15;235,58;397,66;5;origem 5 (Juridico)
6930726;75;2026-11-15;235,58;397,66;5;origem 5 (Juridico)
6930727;75;2026-12-15;235,58;397,66;5;origem 5 (Juridico)
6930728;75;2027-01-15;235,58;397,66;5;origem 5 (Juridico)
6930729;75;2027-02-15;235,58;397,66;5;origem 5 (Juridico)
6987241;75;2026-06-10;343,24;343,24;0;Lido pelo App
6987256;75;2026-06-10;343,24;343,24;0;Lido pelo App
6987259;75;2026-06-10;343,24;343,24;0;Lido pelo App
6987261;75;2026-06-10;343,24;343,24;0;Lido pelo App
6987267;75;2026-06-10;343,24;343,24;0;Lido pelo App
6987269;75;2026-06-10;343,24;343,24;0;Lido pelo App
6987275;75;2026-06-10;343,24;343,24;0;Lido pelo App
6987277;75;2026-06-10;343,24;343,24;0;Lido pelo App
6987279;75;2026-06-10;373,24;373,24;0;Lido pelo App
6987287;75;2026-06-10;343,24;343,24;0;Lido pelo App
6987288;75;2026-06-10;373,24;373,24;0;Lido pelo App
6987291;75;2026-06-10;343,24;343,24;0;Lido pelo App
6987295;75;2026-06-10;343,24;343,24;0;Lido pelo App
6987296;75;2026-06-10;343,24;343,24;0;Lido pelo App
6987297;75;2026-06-10;343,24;343,24;0;Lido pelo App
6987300;75;2026-06-10;343,24;343,24;0;Lido pelo App
6987310;75;2026-06-10;343,24;343,24;0;Lido pelo App
6987311;75;2026-06-10;343,24;343,24;0;Lido pelo App
6987312;75;2026-06-10;343,24;343,24;0;Lido pelo App
6987313;75;2026-06-10;343,24;343,24;0;Lido pelo App
6987317;75;2026-06-10;343,24;343,24;0;Lido pelo App
6987318;75;2026-06-10;343,24;343,24;0;Lido pelo App
6987320;75;2026-06-10;343,24;343,24;0;Lido pelo App
6987323;75;2026-06-10;343,24;343,24;0;Lido pelo App
6987325;75;2026-06-10;343,24;343,24;0;Lido pelo App
6987326;75;2026-06-10;343,24;343,24;0;Lido pelo App
6987328;75;2026-06-10;343,24;343,24;0;Lido pelo App
6987329;75;2026-06-10;343,24;343,24;0;Lido pelo App
6987334;75;2026-06-10;343,24;343,24;0;Lido pelo App
6987337;75;2026-06-10;343,24;343,24;0;Lido pelo App
6987345;75;2026-06-10;343,24;343,24;0;Lido pelo App
6987347;75;2026-06-10;343,24;343,24;0;Lido pelo App
6987350;75;2026-06-10;343,24;343,24;0;Lido pelo App
6987352;75;2026-06-10;343,24;343,24;0;Lido pelo App
6987353;75;2026-06-10;343,24;343,24;0;Lido pelo App
6987354;75;2026-06-10;343,24;343,24;0;Lido pelo App
6987355;75;2026-06-10;343,24;343,24;0;Lido pelo App
6987357;75;2026-06-10;343,24;343,24;0;Lido pelo App
6987358;75;2026-06-10;343,24;343,24;0;Lido pelo App
6987359;75;2026-06-10;343,24;343,24;0;Lido pelo App
6987360;75;2026-06-10;343,24;343,24;0;Lido pelo App
6987361;75;2026-06-10;343,24;343,24;0;Lido pelo App
6987362;75;2026-06-10;343,24;343,24;0;Lido pelo App
6987364;75;2026-06-10;343,24;343,24;0;Lido pelo App
6987365;75;2026-06-10;373,24;373,24;0;Lido pelo App
6987367;75;2026-06-10;343,24;343,24;0;Lido pelo App
6987368;75;2026-06-10;343,24;343,24;0;Lido pelo App
6987369;75;2026-06-10;343,24;343,24;0;Lido pelo App
6987373;75;2026-06-10;343,24;343,24;0;Lido pelo App
6987376;75;2026-06-10;343,24;343,24;0;Lido pelo App
6987378;75;2026-06-10;343,24;343,24;0;Lido pelo App
6987379;75;2026-06-10;373,24;373,24;0;Lido pelo App
6987383;75;2026-06-10;343,24;343,24;0;Lido pelo App
6987387;75;2026-06-10;343,24;343,24;0;Lido pelo App
6987388;75;2026-06-10;343,24;343,24;0;Lido pelo App
6987389;75;2026-06-10;343,24;343,24;0;Lido pelo App
6987397;75;2026-06-10;343,24;343,24;0;Lido pelo App
6987402;75;2026-06-10;343,24;343,24;0;Lido pelo App
6987405;75;2026-06-10;343,24;343,24;0;Lido pelo App
6987406;75;2026-06-10;343,24;343,24;0;Lido pelo App
6987407;75;2026-06-10;343,24;343,24;0;Lido pelo App
6987414;75;2026-06-10;343,24;343,24;0;Lido pelo App
6987416;75;2026-06-10;343,24;343,24;0;Lido pelo App
6987417;75;2026-06-10;343,24;343,24;0;Lido pelo App
6987419;75;2026-06-10;343,24;343,24;0;Lido pelo App
6987420;75;2026-06-10;373,24;373,24;0;Lido pelo App
6987421;75;2026-06-10;343,24;343,24;0;Lido pelo App
6987422;75;2026-06-10;343,24;343,24;0;Lido pelo App
6987424;75;2026-06-10;343,24;343,24;0;Lido pelo App
6987429;75;2026-06-10;343,24;343,24;0;Lido pelo App
6987431;75;2026-06-10;343,24;343,24;0;Lido pelo App
6987432;75;2026-06-10;343,24;343,24;0;Lido pelo App
6987433;75;2026-06-10;343,24;343,24;0;Lido pelo App
6987434;75;2026-06-10;343,24;343,24;0;Lido pelo App
6987438;75;2026-06-10;343,24;343,24;0;Lido pelo App
6987439;75;2026-06-10;343,24;343,24;0;Lido pelo App
6987440;75;2026-06-10;343,24;343,24;0;Lido pelo App
6987448;75;2026-06-10;343,24;343,24;0;Lido pelo App
6987454;75;2026-06-10;343,24;343,24;0;Lido pelo App
6987456;75;2026-06-10;343,24;343,24;0;Lido pelo App
6987460;75;2026-06-10;343,24;343,24;0;Lido pelo App
6987462;75;2026-06-10;343,24;343,24;0;Lido pelo App
6987465;75;2026-06-10;343,24;343,24;0;Lido pelo App
6987467;75;2026-06-10;343,24;343,24;0;Lido pelo App
6987472;75;2026-06-10;343,24;343,24;0;Lido pelo App
6987473;75;2026-06-10;343,24;343,24;0;Lido pelo App
6987476;75;2026-06-10;343,24;343,24;0;Lido pelo App
6987482;75;2026-06-10;343,24;343,24;0;Lido pelo App
6987486;75;2026-06-10;343,24;343,24;0;Lido pelo App
6987490;75;2026-06-10;343,24;343,24;0;Lido pelo App
6987492;75;2026-06-10;373,24;373,24;0;Lido pelo App
6987495;75;2026-06-10;343,24;343,24;0;Lido pelo App
6987496;75;2026-06-10;343,24;343,24;0;Lido pelo App
6987498;75;2026-06-10;313,24;313,24;0;Lido pelo App
6987500;75;2026-06-10;343,24;343,24;0;Lido pelo App
6987504;75;2026-06-10;343,24;343,24;0;Lido pelo App
6987509;75;2026-06-10;343,24;343,24;0;Lido pelo App
6987510;75;2026-06-10;343,24;343,24;0;Lido pelo App
6987511;75;2026-06-10;343,24;343,24;0;Lido pelo App
6987515;75;2026-06-10;343,24;343,24;0;Lido pelo App
6987519;75;2026-06-10;343,24;343,24;0;Lido pelo App
6987521;75;2026-06-10;343,24;343,24;0;Lido pelo App
6987526;75;2026-06-10;343,24;343,24;0;Lido pelo App
6987528;75;2026-06-10;343,24;343,24;0;Lido pelo App
6987529;75;2026-06-10;343,24;343,24;0;Lido pelo App
6987530;75;2026-06-10;343,24;343,24;0;Lido pelo App
6987531;75;2026-06-10;343,24;343,24;0;Lido pelo App
6987532;75;2026-06-10;343,24;343,24;0;Lido pelo App
6987534;75;2026-06-10;343,24;343,24;0;Lido pelo App
6987537;75;2026-06-10;343,24;343,24;0;Lido pelo App
6987538;75;2026-06-10;373,24;373,24;0;Lido pelo App
6987542;75;2026-06-10;343,24;343,24;0;Lido pelo App
6987544;75;2026-06-10;343,24;343,24;0;Lido pelo App
6987547;75;2026-06-10;343,24;343,24;0;Lido pelo App
6987550;75;2026-06-10;343,24;343,24;0;Lido pelo App
6987551;75;2026-06-10;343,24;343,24;0;Lido pelo App
6987553;75;2026-06-10;343,24;343,24;0;Lido pelo App
6987560;75;2026-06-10;343,24;343,24;0;Lido pelo App
6987565;75;2026-06-10;343,24;343,24;0;Lido pelo App
6987566;75;2026-06-10;343,24;343,24;0;Lido pelo App
6987569;75;2026-06-10;343,24;343,24;0;Lido pelo App
6987570;75;2026-06-10;343,24;343,24;0;Lido pelo App
6987571;75;2026-06-10;343,24;343,24;0;Lido pelo App
6987572;75;2026-06-10;343,24;343,24;0;Lido pelo App
6987574;75;2026-06-10;343,24;343,24;0;Lido pelo App
6987577;75;2026-06-10;343,24;343,24;0;Lido pelo App
6987582;75;2026-06-10;343,24;343,24;0;Lido pelo App
6987584;75;2026-06-10;343,24;343,24;0;Lido pelo App
6987590;75;2026-06-10;343,24;343,24;0;Lido pelo App
6987591;75;2026-06-10;343,24;343,24;0;Lido pelo App
6987592;75;2026-06-10;343,24;343,24;0;Lido pelo App
6987598;75;2026-06-10;343,24;343,24;0;Lido pelo App
6987599;75;2026-06-10;343,24;343,24;0;Lido pelo App
6987601;75;2026-06-10;343,24;343,24;0;Lido pelo App
6987603;75;2026-06-10;343,24;343,24;0;Lido pelo App
6987609;75;2026-06-10;343,24;343,24;0;Lido pelo App
6987612;75;2026-06-10;343,24;343,24;0;Lido pelo App
6987613;75;2026-06-10;343,24;343,24;0;Lido pelo App
6987616;75;2026-06-10;343,24;343,24;0;Lido pelo App
6987618;75;2026-06-10;343,24;343,24;0;Lido pelo App
6987623;75;2026-06-10;343,24;343,24;0;Lido pelo App
6987625;75;2026-06-10;343,24;343,24;0;Lido pelo App
6987630;75;2026-06-10;343,24;343,24;0;Lido pelo App
6987631;75;2026-06-10;343,24;343,24;0;Lido pelo App
6987636;75;2026-06-10;343,24;343,24;0;Lido pelo App
6987640;75;2026-06-10;343,24;343,24;0;Lido pelo App
6987643;75;2026-06-10;343,24;343,24;0;Lido pelo App
6987646;75;2026-06-10;350,24;350,24;0;Lido pelo App
6987648;75;2026-06-10;343,24;343,24;0;Lido pelo App
6987649;75;2026-06-10;343,24;343,24;0;Lido pelo App
6987653;75;2026-06-10;343,24;343,24;0;Lido pelo App
6987655;75;2026-06-10;343,24;343,24;0;Lido pelo App
6987656;75;2026-06-10;343,24;343,24;0;Lido pelo App
6987657;75;2026-06-10;343,24;343,24;0;Lido pelo App
6987658;75;2026-06-10;343,24;343,24;0;Lido pelo App
6987659;75;2026-06-10;343,24;343,24;0;Lido pelo App
6987661;75;2026-06-10;343,24;343,24;0;Lido pelo App
6987674;75;2026-06-10;343,24;343,24;0;Lido pelo App
6987676;75;2026-06-10;343,24;343,24;0;Lido pelo App
6987678;75;2026-06-10;343,24;343,24;0;Lido pelo App
6987679;75;2026-06-10;343,24;343,24;0;Lido pelo App
6987680;75;2026-06-10;343,24;343,24;0;Lido pelo App
6987685;75;2026-06-10;343,24;343,24;0;Lido pelo App
6987690;75;2026-06-10;343,24;343,24;0;Lido pelo App
6987691;75;2026-06-10;343,24;343,24;0;Lido pelo App
6987692;75;2026-06-10;343,24;343,24;0;Lido pelo App
6987693;75;2026-06-10;343,24;343,24;0;Lido pelo App
6987694;75;2026-06-10;343,24;343,24;0;Lido pelo App
6987696;75;2026-06-10;343,24;343,24;0;Lido pelo App
6987697;75;2026-06-10;343,24;343,24;0;Lido pelo App
6987703;75;2026-06-10;343,24;343,24;0;Lido pelo App
6987704;75;2026-06-10;343,24;343,24;0;Lido pelo App
6987709;75;2026-06-10;343,24;343,24;0;Lido pelo App
6987710;75;2026-06-10;343,24;343,24;0;Lido pelo App
6999335;75;2026-02-18;-209,81;-292,37;3;origem 3 (Amigavel/Outro)
7061971;75;2026-09-04;172,50;250,76;5;origem 5 (Juridico)
7075592;75;2026-09-05;198,60;310,97;5;origem 5 (Juridico)
7075593;75;2026-10-05;198,60;310,97;5;origem 5 (Juridico)
7075594;75;2026-11-05;198,60;310,97;5;origem 5 (Juridico)
7086357;75;2026-09-09;222,13;317,16;5;origem 5 (Juridico)
7086358;75;2026-10-09;222,13;317,16;5;origem 5 (Juridico)
7092610;75;2026-03-17;-189,33;-300,00;3;origem 3 (Amigavel/Outro)
7092623;75;2026-04-22;-209,81;-293,50;3;origem 3 (Amigavel/Outro)
7092631;75;2026-02-24;-209,81;-292,37;3;origem 3 (Amigavel/Outro)
7092633;75;2026-03-10;-209,81;-306,62;3;origem 3 (Amigavel/Outro)
7103891;75;2026-04-14;-235,58;-383,75;3;origem 3 (Amigavel/Outro)
7107118;75;2026-08-17;254,28;398,16;5;origem 5 (Juridico)
7107119;75;2026-09-17;254,28;398,16;5;origem 5 (Juridico)
7107120;75;2026-10-17;254,28;398,16;5;origem 5 (Juridico)
7107121;75;2026-11-17;254,28;398,16;5;origem 5 (Juridico)
7107154;75;2026-04-07;-280,32;-438,58;3;origem 3 (Amigavel/Outro)
7138892;75;2026-04-30;-248,88;-377,70;3;origem 3 (Amigavel/Outro)
7161848;75;2026-09-26;185,11;284,14;5;origem 5 (Juridico)
7161849;75;2026-10-26;185,11;284,14;5;origem 5 (Juridico)
7161850;75;2026-11-26;185,11;284,14;5;origem 5 (Juridico)
7230067;75;2026-07-05;337,53;551,77;5;origem 5 (Juridico)
7230069;75;2026-09-05;337,53;551,77;5;origem 5 (Juridico)
7230070;75;2026-10-05;337,53;551,77;5;origem 5 (Juridico)
7230071;75;2026-11-05;337,53;551,77;5;origem 5 (Juridico)
7230072;75;2026-12-05;337,53;551,77;5;origem 5 (Juridico)
7234243;75;2026-07-10;343,24;343,24;0;Lido pelo App
7234244;75;2026-07-10;343,24;343,24;0;Lido pelo App
7234259;75;2026-07-10;343,24;343,24;0;Lido pelo App
7234262;75;2026-07-10;343,24;343,24;0;Lido pelo App
7234264;75;2026-07-10;343,24;343,24;0;Lido pelo App
7234270;75;2026-07-10;343,24;343,24;0;Lido pelo App
7234272;75;2026-07-10;343,24;343,24;0;Lido pelo App
7234276;75;2026-07-10;343,24;343,24;0;Lido pelo App
7234278;75;2026-07-10;343,24;343,24;0;Lido pelo App
7234280;75;2026-07-10;343,24;343,24;0;Lido pelo App
7234282;75;2026-07-10;373,24;373,24;0;Lido pelo App
7234290;75;2026-07-10;343,24;343,24;0;Lido pelo App
7234291;75;2026-07-10;373,24;373,24;0;Lido pelo App
7234294;75;2026-07-10;373,24;373,24;0;Lido pelo App
7234298;75;2026-07-10;343,24;343,24;0;Lido pelo App
7234299;75;2026-07-10;343,24;343,24;0;Lido pelo App
7234300;75;2026-07-10;343,24;343,24;0;Lido pelo App
7234303;75;2026-07-10;343,24;343,24;0;Lido pelo App
7234313;75;2026-07-10;343,24;343,24;0;Lido pelo App
7234314;75;2026-07-10;343,24;343,24;0;Lido pelo App
7234315;75;2026-07-10;343,24;343,24;0;Lido pelo App
7234316;75;2026-07-10;343,24;343,24;0;Lido pelo App
7234320;75;2026-07-10;343,24;343,24;0;Lido pelo App
7234321;75;2026-07-10;343,24;343,24;0;Lido pelo App
7234323;75;2026-07-10;343,24;343,24;0;Lido pelo App
7234325;75;2026-07-10;343,24;343,24;0;Lido pelo App
7234326;75;2026-07-10;343,24;343,24;0;Lido pelo App
7234328;75;2026-07-10;343,24;343,24;0;Lido pelo App
7234329;75;2026-07-10;343,24;343,24;0;Lido pelo App
7234331;75;2026-07-10;343,24;343,24;0;Lido pelo App
7234332;75;2026-07-10;343,24;343,24;0;Lido pelo App
7234337;75;2026-07-10;343,24;343,24;0;Lido pelo App
7234339;75;2026-07-10;343,24;343,24;0;Lido pelo App
7234340;75;2026-07-10;343,24;343,24;0;Lido pelo App
7234348;75;2026-07-10;343,24;343,24;0;Lido pelo App
7234353;75;2026-07-10;343,24;343,24;0;Lido pelo App
7234355;75;2026-07-10;343,24;343,24;0;Lido pelo App
7234356;75;2026-07-10;343,24;343,24;0;Lido pelo App
7234357;75;2026-07-10;343,24;343,24;0;Lido pelo App
7234358;75;2026-07-10;343,24;343,24;0;Lido pelo App
7234361;75;2026-07-10;343,24;343,24;0;Lido pelo App
7234362;75;2026-07-10;343,24;343,24;0;Lido pelo App
7234363;75;2026-07-10;343,24;343,24;0;Lido pelo App
7234364;75;2026-07-10;343,24;343,24;0;Lido pelo App
7234365;75;2026-07-10;343,24;343,24;0;Lido pelo App
7234367;75;2026-07-10;343,24;343,24;0;Lido pelo App
7234368;75;2026-07-10;373,24;373,24;0;Lido pelo App
7234370;75;2026-07-10;343,24;343,24;0;Lido pelo App
7234371;75;2026-07-10;343,24;343,24;0;Lido pelo App
7234372;75;2026-07-10;343,24;343,24;0;Lido pelo App
7234376;75;2026-07-10;343,24;343,24;0;Lido pelo App
7234379;75;2026-07-10;343,24;343,24;0;Lido pelo App
7234381;75;2026-07-10;343,24;343,24;0;Lido pelo App
7234386;75;2026-07-10;343,24;343,24;0;Lido pelo App
7234390;75;2026-07-10;343,24;343,24;0;Lido pelo App
7234391;75;2026-07-10;343,24;343,24;0;Lido pelo App
7234392;75;2026-07-10;343,24;343,24;0;Lido pelo App
7234400;75;2026-07-10;343,24;343,24;0;Lido pelo App
7234405;75;2026-07-10;343,24;343,24;0;Lido pelo App
7234408;75;2026-07-10;343,24;343,24;0;Lido pelo App
7234409;75;2026-07-10;343,24;343,24;0;Lido pelo App
7234410;75;2026-07-10;343,24;343,24;0;Lido pelo App
7234414;75;2026-07-10;343,24;343,24;0;Lido pelo App
7234417;75;2026-07-10;343,24;343,24;0;Lido pelo App
7234419;75;2026-07-10;343,24;343,24;0;Lido pelo App
7234420;75;2026-07-10;343,24;343,24;0;Lido pelo App
7234422;75;2026-07-10;343,24;343,24;0;Lido pelo App
7234423;75;2026-07-10;373,24;373,24;0;Lido pelo App
7234424;75;2026-07-10;343,24;343,24;0;Lido pelo App
7234425;75;2026-07-10;343,24;343,24;0;Lido pelo App
7234427;75;2026-07-10;343,24;343,24;0;Lido pelo App
7234432;75;2026-07-10;343,24;343,24;0;Lido pelo App
7234433;75;2026-07-10;343,24;343,24;0;Lido pelo App
7234434;75;2026-07-10;343,24;343,24;0;Lido pelo App
7234435;75;2026-07-10;343,24;343,24;0;Lido pelo App
7234436;75;2026-07-10;343,24;343,24;0;Lido pelo App
7234437;75;2026-07-10;343,24;343,24;0;Lido pelo App
7234441;75;2026-07-10;343,24;343,24;0;Lido pelo App
7234442;75;2026-07-10;343,24;343,24;0;Lido pelo App
7234443;75;2026-07-10;343,24;343,24;0;Lido pelo App
7234451;75;2026-07-10;343,24;343,24;0;Lido pelo App
7234457;75;2026-07-10;343,24;343,24;0;Lido pelo App
7234459;75;2026-07-10;343,24;343,24;0;Lido pelo App
7234463;75;2026-07-10;343,24;343,24;0;Lido pelo App
7234465;75;2026-07-10;343,24;343,24;0;Lido pelo App
7234470;75;2026-07-10;343,24;343,24;0;Lido pelo App
7234475;75;2026-07-10;343,24;343,24;0;Lido pelo App
7234476;75;2026-07-10;343,24;343,24;0;Lido pelo App
7234479;75;2026-07-10;343,24;343,24;0;Lido pelo App
7234485;75;2026-07-10;343,24;343,24;0;Lido pelo App
7234489;75;2026-07-10;343,24;343,24;0;Lido pelo App
7234491;75;2026-07-10;343,24;343,24;0;Lido pelo App
7234493;75;2026-07-10;343,24;343,24;0;Lido pelo App
7234494;75;2026-07-10;343,24;343,24;0;Lido pelo App
7234495;75;2026-07-10;373,24;373,24;0;Lido pelo App
7234498;75;2026-07-10;343,24;343,24;0;Lido pelo App
7234499;75;2026-07-10;343,24;343,24;0;Lido pelo App
7234501;75;2026-07-10;343,24;343,24;0;Lido pelo App
7234503;75;2026-07-10;343,24;343,24;0;Lido pelo App
7234504;75;2026-07-10;343,24;343,24;0;Lido pelo App
7234507;75;2026-07-10;343,24;343,24;0;Lido pelo App
7234510;75;2026-07-10;343,24;343,24;0;Lido pelo App
7234512;75;2026-07-10;343,24;343,24;0;Lido pelo App
7234513;75;2026-07-10;343,24;343,24;0;Lido pelo App
7234514;75;2026-07-10;343,24;343,24;0;Lido pelo App
7234518;75;2026-07-10;343,24;343,24;0;Lido pelo App
7234522;75;2026-07-10;343,24;343,24;0;Lido pelo App
7234524;75;2026-07-10;343,24;343,24;0;Lido pelo App
7234529;75;2026-07-10;343,24;343,24;0;Lido pelo App
7234531;75;2026-07-10;343,24;343,24;0;Lido pelo App
7234532;75;2026-07-10;343,24;343,24;0;Lido pelo App
7234533;75;2026-07-10;343,24;343,24;0;Lido pelo App
7234534;75;2026-07-10;343,24;343,24;0;Lido pelo App
7234535;75;2026-07-10;343,24;343,24;0;Lido pelo App
7234536;75;2026-07-10;343,24;343,24;0;Lido pelo App
7234537;75;2026-07-10;343,24;343,24;0;Lido pelo App
7234540;75;2026-07-10;343,24;343,24;0;Lido pelo App
7234541;75;2026-07-10;373,24;373,24;0;Lido pelo App
7234545;75;2026-07-10;343,24;343,24;0;Lido pelo App
7234547;75;2026-07-10;343,24;343,24;0;Lido pelo App
7234550;75;2026-07-10;343,24;343,24;0;Lido pelo App
7234553;75;2026-07-10;343,24;343,24;0;Lido pelo App
7234554;75;2026-07-10;343,24;343,24;0;Lido pelo App
7234556;75;2026-07-10;343,24;343,24;0;Lido pelo App
7234563;75;2026-07-10;343,24;343,24;0;Lido pelo App
7234568;75;2026-07-10;343,24;343,24;0;Lido pelo App
7234569;75;2026-07-10;343,24;343,24;0;Lido pelo App
7234572;75;2026-07-10;343,24;343,24;0;Lido pelo App
7234573;75;2026-07-10;343,24;343,24;0;Lido pelo App
7234574;75;2026-07-10;343,24;343,24;0;Lido pelo App
7234575;75;2026-07-10;343,24;343,24;0;Lido pelo App
7234580;75;2026-07-10;343,24;343,24;0;Lido pelo App
7234585;75;2026-07-10;343,24;343,24;0;Lido pelo App
7234587;75;2026-07-10;343,24;343,24;0;Lido pelo App
7234589;75;2026-07-10;343,24;343,24;0;Lido pelo App
7234592;75;2026-07-10;343,24;343,24;0;Lido pelo App
7234593;75;2026-07-10;343,24;343,24;0;Lido pelo App
7234594;75;2026-07-10;343,24;343,24;0;Lido pelo App
7234595;75;2026-07-10;343,24;343,24;0;Lido pelo App
7234601;75;2026-07-10;343,24;343,24;0;Lido pelo App
7234602;75;2026-07-10;343,24;343,24;0;Lido pelo App
7234604;75;2026-07-10;343,24;343,24;0;Lido pelo App
7234606;75;2026-07-10;343,24;343,24;0;Lido pelo App
7234607;75;2026-07-10;343,24;343,24;0;Lido pelo App
7234612;75;2026-07-10;343,24;343,24;0;Lido pelo App
7234615;75;2026-07-10;343,24;343,24;0;Lido pelo App
7234616;75;2026-07-10;343,24;343,24;0;Lido pelo App
7234618;75;2026-07-10;343,24;343,24;0;Lido pelo App
7234619;75;2026-07-10;343,24;343,24;0;Lido pelo App
7234621;75;2026-07-10;343,24;343,24;0;Lido pelo App
7234622;75;2026-07-10;343,24;343,24;0;Lido pelo App
7234625;75;2026-07-10;343,24;343,24;0;Lido pelo App
7234628;75;2026-07-10;343,24;343,24;0;Lido pelo App
7234630;75;2026-07-10;343,24;343,24;0;Lido pelo App
7234633;75;2026-07-10;343,24;343,24;0;Lido pelo App
7234634;75;2026-07-10;343,24;343,24;0;Lido pelo App
7234643;75;2026-07-10;343,24;343,24;0;Lido pelo App
7234646;75;2026-07-10;343,24;343,24;0;Lido pelo App
7234647;75;2026-07-10;343,24;343,24;0;Lido pelo App
7234649;75;2026-07-10;343,24;343,24;0;Lido pelo App
7234651;75;2026-07-10;343,24;343,24;0;Lido pelo App
7234652;75;2026-07-10;343,24;343,24;0;Lido pelo App
7234653;75;2026-07-10;373,24;373,24;0;Lido pelo App
7234654;75;2026-07-10;343,24;343,24;0;Lido pelo App
7234656;75;2026-07-10;343,24;343,24;0;Lido pelo App
7234658;75;2026-07-10;343,24;343,24;0;Lido pelo App
7234659;75;2026-07-10;343,24;343,24;0;Lido pelo App
7234660;75;2026-07-10;343,24;343,24;0;Lido pelo App
7234661;75;2026-07-10;343,24;343,24;0;Lido pelo App
7234662;75;2026-07-10;343,24;343,24;0;Lido pelo App
7234664;75;2026-07-10;343,24;343,24;0;Lido pelo App
7234677;75;2026-07-10;343,24;343,24;0;Lido pelo App
7234679;75;2026-07-10;343,24;343,24;0;Lido pelo App
7234682;75;2026-07-10;343,24;343,24;0;Lido pelo App
7234683;75;2026-07-10;343,24;343,24;0;Lido pelo App
7234688;75;2026-07-10;343,24;343,24;0;Lido pelo App
7234693;75;2026-07-10;343,24;343,24;0;Lido pelo App
7234694;75;2026-07-10;343,24;343,24;0;Lido pelo App
7234695;75;2026-07-10;343,24;343,24;0;Lido pelo App
7234696;75;2026-07-10;343,24;343,24;0;Lido pelo App
7234697;75;2026-07-10;343,24;343,24;0;Lido pelo App
7234699;75;2026-07-10;343,24;343,24;0;Lido pelo App
7234700;75;2026-07-10;343,24;343,24;0;Lido pelo App
7234706;75;2026-07-10;343,24;343,24;0;Lido pelo App
7234707;75;2026-07-10;343,24;343,24;0;Lido pelo App
7234708;75;2026-07-10;343,24;343,24;0;Lido pelo App
7234712;75;2026-07-10;343,24;343,24;0;Lido pelo App
7234713;75;2026-07-10;343,24;343,24;0;Lido pelo App
7234717;75;2026-07-10;343,24;343,24;0;Lido pelo App
7240185;75;2026-07-09;172,20;262,43;5;origem 5 (Juridico)
7240186;75;2026-08-09;172,20;262,43;5;origem 5 (Juridico)
7240187;75;2026-09-09;172,20;262,43;5;origem 5 (Juridico)
7240188;75;2026-10-09;172,20;262,43;5;origem 5 (Juridico)
7240189;75;2026-11-09;172,20;262,43;5;origem 5 (Juridico)
7240190;75;2026-12-09;172,20;262,43;5;origem 5 (Juridico)
7252110;75;2026-08-08;152,13;240,97;5;origem 5 (Juridico)
7252111;75;2026-09-08;152,13;240,97;5;origem 5 (Juridico)
7252112;75;2026-10-08;152,13;240,97;5;origem 5 (Juridico)
7252113;75;2026-11-08;152,13;240,97;5;origem 5 (Juridico)
7252114;75;2026-12-08;152,13;240,97;5;origem 5 (Juridico)
7252115;75;2027-01-08;152,13;240,97;5;origem 5 (Juridico)
7252120;75;2026-08-08;162,17;272,09;5;origem 5 (Juridico)
7252121;75;2026-09-08;162,17;272,09;5;origem 5 (Juridico)
7252122;75;2026-10-08;162,17;272,09;5;origem 5 (Juridico)
7252123;75;2026-11-08;162,17;272,09;5;origem 5 (Juridico)
7252124;75;2026-12-08;162,17;272,09;5;origem 5 (Juridico)
7252125;75;2027-01-08;162,17;272,09;5;origem 5 (Juridico)
7252126;75;2027-02-08;162,17;272,09;5;origem 5 (Juridico)
7252127;75;2027-03-08;162,17;272,09;5;origem 5 (Juridico)
7252128;75;2027-04-08;162,17;272,09;5;origem 5 (Juridico)
7257235;75;2026-08-09;256,73;366,53;5;origem 5 (Juridico)
7257236;75;2026-09-09;256,73;366,53;5;origem 5 (Juridico)
7257237;75;2026-10-09;256,73;366,53;5;origem 5 (Juridico)
7257238;75;2026-11-09;256,73;366,53;5;origem 5 (Juridico)
7257239;75;2026-12-09;256,73;366,53;5;origem 5 (Juridico)
7257240;75;2027-01-09;256,73;366,53;5;origem 5 (Juridico)
7268188;75;2026-08-15;313,01;488,15;5;origem 5 (Juridico)
7268189;75;2026-09-15;313,01;488,15;5;origem 5 (Juridico)
7268190;75;2026-10-15;313,01;488,15;5;origem 5 (Juridico)
7268191;75;2026-11-15;313,01;488,15;5;origem 5 (Juridico)
7268192;75;2026-12-15;313,01;488,15;5;origem 5 (Juridico)
7363598;75;2026-08-10;343,24;343,24;0;Lido pelo App
7363601;75;2026-08-10;373,24;373,24;0;Lido pelo App
7363602;75;2026-08-10;343,24;343,24;0;Lido pelo App
7363613;75;2026-08-10;343,24;343,24;0;Lido pelo App
7363617;75;2026-08-10;343,24;343,24;0;Lido pelo App
7363620;75;2026-08-10;343,24;343,24;0;Lido pelo App
7363622;75;2026-08-10;343,24;343,24;0;Lido pelo App
7363626;75;2026-08-10;343,24;343,24;0;Lido pelo App
7363628;75;2026-08-10;343,24;343,24;0;Lido pelo App
7363630;75;2026-08-10;343,24;343,24;0;Lido pelo App
7363634;75;2026-08-10;343,24;343,24;0;Lido pelo App
7363638;75;2026-08-10;343,24;343,24;0;Lido pelo App
7363640;75;2026-08-10;373,24;373,24;0;Lido pelo App
7363648;75;2026-08-10;343,24;343,24;0;Lido pelo App
7363649;75;2026-08-10;373,24;373,24;0;Lido pelo App
7363651;75;2026-08-10;343,24;343,24;0;Lido pelo App
7363652;75;2026-08-10;373,24;373,24;0;Lido pelo App
7363656;75;2026-08-10;343,24;343,24;0;Lido pelo App
7363657;75;2026-08-10;343,24;343,24;0;Lido pelo App
7363658;75;2026-08-10;343,24;343,24;0;Lido pelo App
7363661;75;2026-08-10;343,24;343,24;0;Lido pelo App
7363666;75;2026-08-10;343,24;343,24;0;Lido pelo App
7363671;75;2026-08-10;343,24;343,24;0;Lido pelo App
7363672;75;2026-08-10;343,24;343,24;0;Lido pelo App
7363673;75;2026-08-10;343,24;343,24;0;Lido pelo App
7363674;75;2026-08-10;343,24;343,24;0;Lido pelo App
7363678;75;2026-08-10;343,24;343,24;0;Lido pelo App
7363679;75;2026-08-10;343,24;343,24;0;Lido pelo App
7363681;75;2026-08-10;343,24;343,24;0;Lido pelo App
7363683;75;2026-08-10;343,24;343,24;0;Lido pelo App
7363684;75;2026-08-10;343,24;343,24;0;Lido pelo App
7363686;75;2026-08-10;343,24;343,24;0;Lido pelo App
7363687;75;2026-08-10;343,24;343,24;0;Lido pelo App
7363689;75;2026-08-10;343,24;343,24;0;Lido pelo App
7363690;75;2026-08-10;343,24;343,24;0;Lido pelo App
7363695;75;2026-08-10;343,24;343,24;0;Lido pelo App
7363698;75;2026-08-10;343,24;343,24;0;Lido pelo App
7363700;75;2026-08-10;343,24;343,24;0;Lido pelo App
7363702;75;2026-08-10;343,24;343,24;0;Lido pelo App
7363704;75;2026-08-10;343,24;343,24;0;Lido pelo App
7363706;75;2026-08-10;343,24;343,24;0;Lido pelo App
7363708;75;2026-08-10;343,24;343,24;0;Lido pelo App
7363711;75;2026-08-10;343,24;343,24;0;Lido pelo App
7363712;75;2026-08-10;343,24;343,24;0;Lido pelo App
7363713;75;2026-08-10;343,24;343,24;0;Lido pelo App
7363714;75;2026-08-10;343,24;343,24;0;Lido pelo App
7363715;75;2026-08-10;343,24;343,24;0;Lido pelo App
7363716;75;2026-08-10;343,24;343,24;0;Lido pelo App
7363718;75;2026-08-10;343,24;343,24;0;Lido pelo App
7363719;75;2026-08-10;343,24;343,24;0;Lido pelo App
7363720;75;2026-08-10;343,24;343,24;0;Lido pelo App
7363721;75;2026-08-10;343,24;343,24;0;Lido pelo App
7363722;75;2026-08-10;343,24;343,24;0;Lido pelo App
7363723;75;2026-08-10;343,24;343,24;0;Lido pelo App
7363724;75;2026-08-10;343,24;343,24;0;Lido pelo App
7363725;75;2026-08-10;343,24;343,24;0;Lido pelo App
7363726;75;2026-08-10;373,24;373,24;0;Lido pelo App
7363728;75;2026-08-10;343,24;343,24;0;Lido pelo App
7363729;75;2026-08-10;343,24;343,24;0;Lido pelo App
7363730;75;2026-08-10;343,24;343,24;0;Lido pelo App
7363734;75;2026-08-10;343,24;343,24;0;Lido pelo App
7363737;75;2026-08-10;343,24;343,24;0;Lido pelo App
7363739;75;2026-08-10;343,24;343,24;0;Lido pelo App
7363740;75;2026-08-10;373,24;373,24;0;Lido pelo App
7363742;75;2026-08-10;373,24;373,24;0;Lido pelo App
7363744;75;2026-08-10;343,24;343,24;0;Lido pelo App
7363748;75;2026-08-10;343,24;343,24;0;Lido pelo App
7363749;75;2026-08-10;343,24;343,24;0;Lido pelo App
7363750;75;2026-08-10;343,24;343,24;0;Lido pelo App
7363758;75;2026-08-10;343,24;343,24;0;Lido pelo App
7363763;75;2026-08-10;343,24;343,24;0;Lido pelo App
7363766;75;2026-08-10;343,24;343,24;0;Lido pelo App
7363767;75;2026-08-10;343,24;343,24;0;Lido pelo App
7363768;75;2026-08-10;343,24;343,24;0;Lido pelo App
7363771;75;2026-08-10;343,24;343,24;0;Lido pelo App
7363775;75;2026-08-10;343,24;343,24;0;Lido pelo App
7363776;75;2026-08-10;343,24;343,24;0;Lido pelo App
7363777;75;2026-08-10;343,24;343,24;0;Lido pelo App
7363778;75;2026-08-10;343,24;343,24;0;Lido pelo App
7363780;75;2026-08-10;343,24;343,24;0;Lido pelo App
7363781;75;2026-08-10;373,24;373,24;0;Lido pelo App
7363782;75;2026-08-10;343,24;343,24;0;Lido pelo App
7363783;75;2026-08-10;343,24;343,24;0;Lido pelo App
7363785;75;2026-08-10;343,24;343,24;0;Lido pelo App
7363790;75;2026-08-10;343,24;343,24;0;Lido pelo App
7363791;75;2026-08-10;343,24;343,24;0;Lido pelo App
7363792;75;2026-08-10;343,24;343,24;0;Lido pelo App
7363793;75;2026-08-10;343,24;343,24;0;Lido pelo App
7363794;75;2026-08-10;343,24;343,24;0;Lido pelo App
7363795;75;2026-08-10;343,24;343,24;0;Lido pelo App
7363798;75;2026-08-10;373,24;373,24;0;Lido pelo App
7363799;75;2026-08-10;343,24;343,24;0;Lido pelo App
7363800;75;2026-08-10;343,24;343,24;0;Lido pelo App
7363801;75;2026-08-10;343,24;343,24;0;Lido pelo App
7363809;75;2026-08-10;343,24;343,24;0;Lido pelo App
7363815;75;2026-08-10;343,24;343,24;0;Lido pelo App
7363817;75;2026-08-10;343,24;343,24;0;Lido pelo App
7363820;75;2026-08-10;343,24;343,24;0;Lido pelo App
7363821;75;2026-08-10;343,24;343,24;0;Lido pelo App
7363823;75;2026-08-10;343,24;343,24;0;Lido pelo App
7363826;75;2026-08-10;343,24;343,24;0;Lido pelo App
7363828;75;2026-08-10;343,24;343,24;0;Lido pelo App
7363833;75;2026-08-10;343,24;343,24;0;Lido pelo App
7363834;75;2026-08-10;343,24;343,24;0;Lido pelo App
7363843;75;2026-08-10;343,24;343,24;0;Lido pelo App
7363847;75;2026-08-10;343,24;343,24;0;Lido pelo App
7363849;75;2026-08-10;343,24;343,24;0;Lido pelo App
7363850;75;2026-08-10;343,24;343,24;0;Lido pelo App
7363851;75;2026-08-10;343,24;343,24;0;Lido pelo App
7363852;75;2026-08-10;343,24;343,24;0;Lido pelo App
7363853;75;2026-08-10;373,24;373,24;0;Lido pelo App
7363856;75;2026-08-10;343,24;343,24;0;Lido pelo App
7363857;75;2026-08-10;343,24;343,24;0;Lido pelo App
7363859;75;2026-08-10;343,24;343,24;0;Lido pelo App
7363861;75;2026-08-10;343,24;343,24;0;Lido pelo App
7363862;75;2026-08-10;343,24;343,24;0;Lido pelo App
7363865;75;2026-08-10;343,24;343,24;0;Lido pelo App
7363867;75;2026-08-10;343,24;343,24;0;Lido pelo App
7363868;75;2026-08-10;343,24;343,24;0;Lido pelo App
7363870;75;2026-08-10;343,24;343,24;0;Lido pelo App
7363871;75;2026-08-10;343,24;343,24;0;Lido pelo App
7363872;75;2026-08-10;343,24;343,24;0;Lido pelo App
7363876;75;2026-08-10;343,24;343,24;0;Lido pelo App
7363877;75;2026-08-10;343,24;343,24;0;Lido pelo App
7363880;75;2026-08-10;343,24;343,24;0;Lido pelo App
7363882;75;2026-08-10;343,24;343,24;0;Lido pelo App
7363887;75;2026-08-10;343,24;343,24;0;Lido pelo App
7363889;75;2026-08-10;343,24;343,24;0;Lido pelo App
7363890;75;2026-08-10;343,24;343,24;0;Lido pelo App
7363891;75;2026-08-10;343,24;343,24;0;Lido pelo App
7363892;75;2026-08-10;343,24;343,24;0;Lido pelo App
7363893;75;2026-08-10;343,24;343,24;0;Lido pelo App
7363894;75;2026-08-10;343,24;343,24;0;Lido pelo App
7363895;75;2026-08-10;343,24;343,24;0;Lido pelo App
7363898;75;2026-08-10;343,24;343,24;0;Lido pelo App
7363899;75;2026-08-10;373,24;373,24;0;Lido pelo App
7363903;75;2026-08-10;343,24;343,24;0;Lido pelo App
7363905;75;2026-08-10;343,24;343,24;0;Lido pelo App
7363908;75;2026-08-10;343,24;343,24;0;Lido pelo App
7363911;75;2026-08-10;343,24;343,24;0;Lido pelo App
7363912;75;2026-08-10;343,24;343,24;0;Lido pelo App
7363914;75;2026-08-10;343,24;343,24;0;Lido pelo App
7363921;75;2026-08-10;343,24;343,24;0;Lido pelo App
7363926;75;2026-08-10;343,24;343,24;0;Lido pelo App
7363927;75;2026-08-10;343,24;343,24;0;Lido pelo App
7363930;75;2026-08-10;343,24;343,24;0;Lido pelo App
7363931;75;2026-08-10;343,24;343,24;0;Lido pelo App
7363932;75;2026-08-10;343,24;343,24;0;Lido pelo App
7363933;75;2026-08-10;343,24;343,24;0;Lido pelo App
7363934;75;2026-08-10;343,24;343,24;0;Lido pelo App
7363938;75;2026-08-10;343,24;343,24;0;Lido pelo App
7363943;75;2026-08-10;343,24;343,24;0;Lido pelo App
7363945;75;2026-08-10;343,24;343,24;0;Lido pelo App
7363947;75;2026-08-10;343,24;343,24;0;Lido pelo App
7363950;75;2026-08-10;343,24;343,24;0;Lido pelo App
7363951;75;2026-08-10;343,24;343,24;0;Lido pelo App
7363952;75;2026-08-10;343,24;343,24;0;Lido pelo App
7363953;75;2026-08-10;343,24;343,24;0;Lido pelo App
7363956;75;2026-08-10;343,24;343,24;0;Lido pelo App
7363959;75;2026-08-10;343,24;343,24;0;Lido pelo App
7363960;75;2026-08-10;343,24;343,24;0;Lido pelo App
7363961;75;2026-08-10;343,24;343,24;0;Lido pelo App
7363962;75;2026-08-10;343,24;343,24;0;Lido pelo App
7363963;75;2026-08-10;343,24;343,24;0;Lido pelo App
7363964;75;2026-08-10;343,24;343,24;0;Lido pelo App
7363965;75;2026-08-10;343,24;343,24;0;Lido pelo App
7363966;75;2026-08-10;343,24;343,24;0;Lido pelo App
7363967;75;2026-08-10;343,24;343,24;0;Lido pelo App
7363970;75;2026-08-10;343,24;343,24;0;Lido pelo App
7363974;75;2026-08-10;343,24;343,24;0;Lido pelo App
7363976;75;2026-08-10;343,24;343,24;0;Lido pelo App
7363977;75;2026-08-10;343,24;343,24;0;Lido pelo App
7363979;75;2026-08-10;343,24;343,24;0;Lido pelo App
7363980;75;2026-08-10;343,24;343,24;0;Lido pelo App
7363983;75;2026-08-10;343,24;343,24;0;Lido pelo App
7363984;75;2026-08-10;343,24;343,24;0;Lido pelo App
7363986;75;2026-08-10;343,24;343,24;0;Lido pelo App
7363988;75;2026-08-10;343,24;343,24;0;Lido pelo App
7363991;75;2026-08-10;343,24;343,24;0;Lido pelo App
7363992;75;2026-08-10;343,24;343,24;0;Lido pelo App
7363997;75;2026-08-10;343,24;343,24;0;Lido pelo App
7364001;75;2026-08-10;343,24;343,24;0;Lido pelo App
7364004;75;2026-08-10;343,24;343,24;0;Lido pelo App
7364005;75;2026-08-10;343,24;343,24;0;Lido pelo App
7364007;75;2026-08-10;343,24;343,24;0;Lido pelo App
7364009;75;2026-08-10;343,24;343,24;0;Lido pelo App
7364010;75;2026-08-10;343,24;343,24;0;Lido pelo App
7364011;75;2026-08-10;373,24;373,24;0;Lido pelo App
7364012;75;2026-08-10;343,24;343,24;0;Lido pelo App
7364013;75;2026-08-10;343,24;343,24;0;Lido pelo App
7364014;75;2026-08-10;343,24;343,24;0;Lido pelo App
7364016;75;2026-08-10;343,24;343,24;0;Lido pelo App
7364017;75;2026-08-10;343,24;343,24;0;Lido pelo App
7364018;75;2026-08-10;343,24;343,24;0;Lido pelo App
7364019;75;2026-08-10;343,24;343,24;0;Lido pelo App
7364020;75;2026-08-10;343,24;343,24;0;Lido pelo App
7364022;75;2026-08-10;343,24;343,24;0;Lido pelo App
7364025;75;2026-08-10;343,24;343,24;0;Lido pelo App
7364033;75;2026-08-10;343,24;343,24;0;Lido pelo App
7364035;75;2026-08-10;343,24;343,24;0;Lido pelo App
7364037;75;2026-08-10;343,24;343,24;0;Lido pelo App
7364039;75;2026-08-10;343,24;343,24;0;Lido pelo App
7364040;75;2026-08-10;343,24;343,24;0;Lido pelo App
7364041;75;2026-08-10;343,24;343,24;0;Lido pelo App
7364046;75;2026-08-10;343,24;343,24;0;Lido pelo App
7364051;75;2026-08-10;343,24;343,24;0;Lido pelo App
7364052;75;2026-08-10;343,24;343,24;0;Lido pelo App
7364053;75;2026-08-10;343,24;343,24;0;Lido pelo App
7364054;75;2026-08-10;343,24;343,24;0;Lido pelo App
7364055;75;2026-08-10;343,24;343,24;0;Lido pelo App
7364057;75;2026-08-10;343,24;343,24;0;Lido pelo App
7364058;75;2026-08-10;343,24;343,24;0;Lido pelo App
7364060;75;2026-08-10;343,24;343,24;0;Lido pelo App
7364061;75;2026-08-10;343,24;343,24;0;Lido pelo App
7364064;75;2026-08-10;343,24;343,24;0;Lido pelo App
7364065;75;2026-08-10;343,24;343,24;0;Lido pelo App
7364066;75;2026-08-10;343,24;343,24;0;Lido pelo App
7364070;75;2026-08-10;343,24;343,24;0;Lido pelo App
7364071;75;2026-08-10;343,24;343,24;0;Lido pelo App
7364074;75;2026-08-10;373,24;373,24;0;Lido pelo App
7364075;75;2026-08-10;343,24;343,24;0;Lido pelo App
7408573;75;2026-09-05;228,83;357,34;5;origem 5 (Juridico)
7408574;75;2026-10-05;228,83;357,34;5;origem 5 (Juridico)
7408575;75;2026-11-05;228,83;357,34;5;origem 5 (Juridico)
7408576;75;2026-12-05;228,83;357,34;5;origem 5 (Juridico)
7408577;75;2027-01-05;228,83;357,34;5;origem 5 (Juridico)
7418796;75;2026-05-12;-512,78;-729,51;3;origem 3 (Amigavel/Outro)
7427950;75;2026-08-14;171,62;283,29;5;origem 5 (Juridico)
7427952;75;2026-10-14;171,62;283,29;5;origem 5 (Juridico)
7427953;75;2026-11-14;171,62;283,29;5;origem 5 (Juridico)
7427954;75;2026-12-14;171,62;283,29;5;origem 5 (Juridico)
7427955;75;2027-01-14;171,62;283,29;5;origem 5 (Juridico)
7442106;75;2026-09-17;172,50;245,35;5;origem 5 (Juridico)
7442107;75;2026-10-17;172,50;245,35;5;origem 5 (Juridico)
7442108;75;2026-11-17;172,50;245,35;5;origem 5 (Juridico)
7442179;75;2026-08-31;172,50;270,59;5;origem 5 (Juridico)
7442180;75;2026-10-01;172,50;270,59;5;origem 5 (Juridico)
7442181;75;2026-10-31;172,50;270,59;5;origem 5 (Juridico)
7442182;75;2026-12-01;172,50;270,59;5;origem 5 (Juridico)
7442183;75;2026-12-31;172,50;270,59;5;origem 5 (Juridico)
7442184;75;2027-01-31;172,50;270,59;5;origem 5 (Juridico)
7442185;75;2027-03-03;172,50;270,59;5;origem 5 (Juridico)
7442186;75;2027-03-31;172,50;270,59;5;origem 5 (Juridico)
7449562;75;2026-09-10;343,24;343,24;0;Lido pelo App
7449563;75;2026-09-10;343,24;343,24;0;Lido pelo App
7449564;75;2026-09-10;343,24;343,24;0;Lido pelo App
7449565;75;2026-09-10;343,24;343,24;0;Lido pelo App
7449566;75;2026-09-10;343,24;343,24;0;Lido pelo App
7449567;75;2026-09-10;373,24;373,24;0;Lido pelo App
7449568;75;2026-09-10;343,24;343,24;0;Lido pelo App
7449569;75;2026-09-10;343,24;343,24;0;Lido pelo App
7449572;75;2026-09-10;343,24;343,24;0;Lido pelo App
7449573;75;2026-09-10;373,24;373,24;0;Lido pelo App
7449574;75;2026-09-10;373,24;373,24;0;Lido pelo App
7449575;75;2026-09-10;343,24;343,24;0;Lido pelo App
7449576;75;2026-09-10;343,24;343,24;0;Lido pelo App
7449577;75;2026-09-10;343,24;343,24;0;Lido pelo App
7449578;75;2026-09-10;343,24;343,24;0;Lido pelo App
7449579;75;2026-09-10;343,24;343,24;0;Lido pelo App
7449580;75;2026-09-10;343,24;343,24;0;Lido pelo App
7449581;75;2026-09-10;343,24;343,24;0;Lido pelo App
7449582;75;2026-09-10;343,24;343,24;0;Lido pelo App
7449583;75;2026-09-10;343,24;343,24;0;Lido pelo App
7449584;75;2026-09-10;343,24;343,24;0;Lido pelo App
7449585;75;2026-09-10;343,24;343,24;0;Lido pelo App
7449586;75;2026-09-10;343,24;343,24;0;Lido pelo App
7449587;75;2026-09-10;343,24;343,24;0;Lido pelo App
7449588;75;2026-09-10;343,24;343,24;0;Lido pelo App
7449589;75;2026-09-10;343,24;343,24;0;Lido pelo App
7449591;75;2026-09-10;343,24;343,24;0;Lido pelo App
7449594;75;2026-09-10;343,24;343,24;0;Lido pelo App
7449595;75;2026-09-10;343,24;343,24;0;Lido pelo App
7449596;75;2026-09-10;343,24;343,24;0;Lido pelo App
7449597;75;2026-09-10;343,24;343,24;0;Lido pelo App
7449599;75;2026-09-10;343,24;343,24;0;Lido pelo App
7449600;75;2026-09-10;343,24;343,24;0;Lido pelo App
7449601;75;2026-09-10;343,24;343,24;0;Lido pelo App
7449602;75;2026-09-10;343,24;343,24;0;Lido pelo App
7449603;75;2026-09-10;343,24;343,24;0;Lido pelo App
7449604;75;2026-09-10;343,24;343,24;0;Lido pelo App
7449605;75;2026-09-10;343,24;343,24;0;Lido pelo App
7449606;75;2026-09-10;373,24;373,24;0;Lido pelo App
7449607;75;2026-09-10;343,24;343,24;0;Lido pelo App
7449608;75;2026-09-10;343,24;343,24;0;Lido pelo App
7449609;75;2026-09-10;343,24;343,24;0;Lido pelo App
7449610;75;2026-09-10;343,24;343,24;0;Lido pelo App
7449611;75;2026-09-10;343,24;343,24;0;Lido pelo App
7449612;75;2026-09-10;343,24;343,24;0;Lido pelo App
7449613;75;2026-09-10;343,24;343,24;0;Lido pelo App
7449614;75;2026-09-10;343,24;343,24;0;Lido pelo App
7449615;75;2026-09-10;373,24;373,24;0;Lido pelo App
7449616;75;2026-09-10;343,24;343,24;0;Lido pelo App
7449617;75;2026-09-10;343,24;343,24;0;Lido pelo App
7449618;75;2026-09-10;373,24;373,24;0;Lido pelo App
7449619;75;2026-09-10;343,24;343,24;0;Lido pelo App
7449620;75;2026-09-10;343,24;343,24;0;Lido pelo App
7449621;75;2026-09-10;343,24;343,24;0;Lido pelo App
7449622;75;2026-09-10;343,24;343,24;0;Lido pelo App
7449623;75;2026-09-10;343,24;343,24;0;Lido pelo App
7449624;75;2026-09-10;343,24;343,24;0;Lido pelo App
7449625;75;2026-09-10;343,24;343,24;0;Lido pelo App
7449626;75;2026-09-10;343,24;343,24;0;Lido pelo App
7449627;75;2026-09-10;343,24;343,24;0;Lido pelo App
7449628;75;2026-09-10;373,24;373,24;0;Lido pelo App
7449629;75;2026-09-10;343,24;343,24;0;Lido pelo App
7449631;75;2026-09-10;343,24;343,24;0;Lido pelo App
7449632;75;2026-09-10;343,24;343,24;0;Lido pelo App
7449633;75;2026-09-10;343,24;343,24;0;Lido pelo App
7449634;75;2026-09-10;343,24;343,24;0;Lido pelo App
7449635;75;2026-09-10;343,24;343,24;0;Lido pelo App
7449636;75;2026-09-10;343,24;343,24;0;Lido pelo App
7449637;75;2026-09-10;343,24;343,24;0;Lido pelo App
7449638;75;2026-09-10;343,24;343,24;0;Lido pelo App
7449639;75;2026-09-10;343,24;343,24;0;Lido pelo App
7449640;75;2026-09-10;343,24;343,24;0;Lido pelo App
7449641;75;2026-09-10;343,24;343,24;0;Lido pelo App
7449642;75;2026-09-10;343,24;343,24;0;Lido pelo App
7449643;75;2026-09-10;343,24;343,24;0;Lido pelo App
7449644;75;2026-09-10;343,24;343,24;0;Lido pelo App
7449645;75;2026-09-10;343,24;343,24;0;Lido pelo App
7449646;75;2026-09-10;343,24;343,24;0;Lido pelo App
7449647;75;2026-09-10;343,24;343,24;0;Lido pelo App
7449648;75;2026-09-10;343,24;343,24;0;Lido pelo App
7449649;75;2026-09-10;343,24;343,24;0;Lido pelo App
7449650;75;2026-09-10;343,24;343,24;0;Lido pelo App
7449651;75;2026-09-10;343,24;343,24;0;Lido pelo App
7449652;75;2026-09-10;343,24;343,24;0;Lido pelo App
7449653;75;2026-09-10;343,24;343,24;0;Lido pelo App
7449654;75;2026-09-10;343,24;343,24;0;Lido pelo App
7449655;75;2026-09-10;343,24;343,24;0;Lido pelo App
7449656;75;2026-09-10;343,24;343,24;0;Lido pelo App
7449657;75;2026-09-10;343,24;343,24;0;Lido pelo App
7449658;75;2026-09-10;343,24;343,24;0;Lido pelo App
7449659;75;2026-09-10;343,24;343,24;0;Lido pelo App
7449661;75;2026-09-10;343,24;343,24;0;Lido pelo App
7449662;75;2026-09-10;343,24;343,24;0;Lido pelo App
7449663;75;2026-09-10;343,24;343,24;0;Lido pelo App
7449664;75;2026-09-10;343,24;343,24;0;Lido pelo App
7449665;75;2026-09-10;343,24;343,24;0;Lido pelo App
7449666;75;2026-09-10;343,24;343,24;0;Lido pelo App
7449667;75;2026-09-10;343,24;343,24;0;Lido pelo App
7449668;75;2026-09-10;343,24;343,24;0;Lido pelo App
7449669;75;2026-09-10;343,24;343,24;0;Lido pelo App
7449670;75;2026-09-10;343,24;343,24;0;Lido pelo App
7449671;75;2026-09-10;373,24;373,24;0;Lido pelo App
7449672;75;2026-09-10;343,24;343,24;0;Lido pelo App
7449673;75;2026-09-10;343,24;343,24;0;Lido pelo App
7449675;75;2026-09-10;343,24;343,24;0;Lido pelo App
7449676;75;2026-09-10;343,24;343,24;0;Lido pelo App
7449677;75;2026-09-10;343,24;343,24;0;Lido pelo App
7449678;75;2026-09-10;343,24;343,24;0;Lido pelo App
7449679;75;2026-09-10;343,24;343,24;0;Lido pelo App
7449680;75;2026-09-10;343,24;343,24;0;Lido pelo App
7449681;75;2026-09-10;343,24;343,24;0;Lido pelo App
7449682;75;2026-09-10;343,24;343,24;0;Lido pelo App
7449683;75;2026-09-10;343,24;343,24;0;Lido pelo App
7449684;75;2026-09-10;343,24;343,24;0;Lido pelo App
7449685;75;2026-09-10;343,24;343,24;0;Lido pelo App
7449686;75;2026-09-10;343,24;343,24;0;Lido pelo App
7449687;75;2026-09-10;343,24;343,24;0;Lido pelo App
7449688;75;2026-09-10;343,24;343,24;0;Lido pelo App
7449689;75;2026-09-10;343,24;343,24;0;Lido pelo App
7449690;75;2026-09-10;343,24;343,24;0;Lido pelo App
7449691;75;2026-09-10;343,24;343,24;0;Lido pelo App
7449692;75;2026-09-10;373,24;373,24;0;Lido pelo App
7449694;75;2026-09-10;343,24;343,24;0;Lido pelo App
7449695;75;2026-09-10;343,24;343,24;0;Lido pelo App
7449696;75;2026-09-10;343,24;343,24;0;Lido pelo App
7449697;75;2026-09-10;343,24;343,24;0;Lido pelo App
7449698;75;2026-09-10;343,24;343,24;0;Lido pelo App
7449699;75;2026-09-10;343,24;343,24;0;Lido pelo App
7449700;75;2026-09-10;343,24;343,24;0;Lido pelo App
7449701;75;2026-09-10;343,24;343,24;0;Lido pelo App
7449702;75;2026-09-10;343,24;343,24;0;Lido pelo App
7449703;75;2026-09-10;343,24;343,24;0;Lido pelo App
7449704;75;2026-09-10;343,24;343,24;0;Lido pelo App
7449705;75;2026-09-10;343,24;343,24;0;Lido pelo App
7449706;75;2026-09-10;373,24;373,24;0;Lido pelo App
7449707;75;2026-09-10;343,24;343,24;0;Lido pelo App
7449708;75;2026-09-10;373,24;373,24;0;Lido pelo App
7449710;75;2026-09-10;343,24;343,24;0;Lido pelo App
7449711;75;2026-09-10;343,24;343,24;0;Lido pelo App
7449712;75;2026-09-10;343,24;343,24;0;Lido pelo App
7449713;75;2026-09-10;373,24;373,24;0;Lido pelo App
7449714;75;2026-09-10;343,24;343,24;0;Lido pelo App
7449715;75;2026-09-10;343,24;343,24;0;Lido pelo App
7449716;75;2026-09-10;343,24;343,24;0;Lido pelo App
7449717;75;2026-09-10;343,24;343,24;0;Lido pelo App
7449718;75;2026-09-10;343,24;343,24;0;Lido pelo App
7449719;75;2026-09-10;343,24;343,24;0;Lido pelo App
7449720;75;2026-09-10;343,24;343,24;0;Lido pelo App
7449721;75;2026-09-10;343,24;343,24;0;Lido pelo App
7449722;75;2026-09-10;343,24;343,24;0;Lido pelo App
7449723;75;2026-09-10;343,24;343,24;0;Lido pelo App
7449724;75;2026-09-10;343,24;343,24;0;Lido pelo App
7449725;75;2026-09-10;343,24;343,24;0;Lido pelo App
7449726;75;2026-09-10;343,24;343,24;0;Lido pelo App
7449727;75;2026-09-10;343,24;343,24;0;Lido pelo App
7449728;75;2026-09-10;343,24;343,24;0;Lido pelo App
7449729;75;2026-09-10;343,24;343,24;0;Lido pelo App
7449730;75;2026-09-10;343,24;343,24;0;Lido pelo App
7449731;75;2026-09-10;343,24;343,24;0;Lido pelo App
7449732;75;2026-09-10;343,24;343,24;0;Lido pelo App
7449733;75;2026-09-10;343,24;343,24;0;Lido pelo App
7449734;75;2026-09-10;343,24;343,24;0;Lido pelo App
7449735;75;2026-09-10;343,24;343,24;0;Lido pelo App
7449736;75;2026-09-10;343,24;343,24;0;Lido pelo App
7449737;75;2026-09-10;343,24;343,24;0;Lido pelo App
7449738;75;2026-09-10;343,24;343,24;0;Lido pelo App
7449739;75;2026-09-10;343,24;343,24;0;Lido pelo App
7449740;75;2026-09-10;343,24;343,24;0;Lido pelo App
7449741;75;2026-09-10;343,24;343,24;0;Lido pelo App
7449742;75;2026-09-10;343,24;343,24;0;Lido pelo App
7449743;75;2026-09-10;343,24;343,24;0;Lido pelo App
7449744;75;2026-09-10;343,24;343,24;0;Lido pelo App
7449745;75;2026-09-10;343,24;343,24;0;Lido pelo App
7449746;75;2026-09-10;343,24;343,24;0;Lido pelo App
7449747;75;2026-09-10;373,24;373,24;0;Lido pelo App
7449748;75;2026-09-10;343,24;343,24;0;Lido pelo App
7449749;75;2026-09-10;343,24;343,24;0;Lido pelo App
7449750;75;2026-09-10;343,24;343,24;0;Lido pelo App
7449751;75;2026-09-10;343,24;343,24;0;Lido pelo App
7449752;75;2026-09-10;343,24;343,24;0;Lido pelo App
7449753;75;2026-09-10;343,24;343,24;0;Lido pelo App
7449754;75;2026-09-10;343,24;343,24;0;Lido pelo App
7449755;75;2026-09-10;343,24;343,24;0;Lido pelo App
7449756;75;2026-09-10;343,24;343,24;0;Lido pelo App
7449757;75;2026-09-10;343,24;343,24;0;Lido pelo App
7449758;75;2026-09-10;343,24;343,24;0;Lido pelo App
7449759;75;2026-09-10;343,24;343,24;0;Lido pelo App
7449760;75;2026-09-10;343,24;343,24;0;Lido pelo App
7449761;75;2026-09-10;343,24;343,24;0;Lido pelo App
7449762;75;2026-09-10;343,24;343,24;0;Lido pelo App
7449763;75;2026-09-10;343,24;343,24;0;Lido pelo App
7449764;75;2026-09-10;373,24;373,24;0;Lido pelo App
7449765;75;2026-09-10;343,24;343,24;0;Lido pelo App
7449766;75;2026-09-10;343,24;343,24;0;Lido pelo App
7449767;75;2026-09-10;343,24;343,24;0;Lido pelo App
7449768;75;2026-09-10;343,24;343,24;0;Lido pelo App
7449769;75;2026-09-10;343,24;343,24;0;Lido pelo App
7449770;75;2026-09-10;343,24;343,24;0;Lido pelo App
7449771;75;2026-09-10;343,24;343,24;0;Lido pelo App
7449772;75;2026-09-10;343,24;343,24;0;Lido pelo App
7449773;75;2026-09-10;343,24;343,24;0;Lido pelo App
7449774;75;2026-09-10;373,24;373,24;0;Lido pelo App
7449775;75;2026-09-10;343,24;343,24;0;Lido pelo App
7449776;75;2026-09-10;343,24;343,24;0;Lido pelo App
7449777;75;2026-09-10;373,24;373,24;0;Lido pelo App
7449778;75;2026-09-10;343,24;343,24;0;Lido pelo App
7449779;75;2026-09-10;343,24;343,24;0;Lido pelo App
7449780;75;2026-09-10;343,24;343,24;0;Lido pelo App
7449781;75;2026-09-10;343,24;343,24;0;Lido pelo App
7449782;75;2026-09-10;343,24;343,24;0;Lido pelo App
7449783;75;2026-09-10;343,24;343,24;0;Lido pelo App
7449784;75;2026-09-10;343,24;343,24;0;Lido pelo App
7449785;75;2026-09-10;343,24;343,24;0;Lido pelo App
7449786;75;2026-09-10;343,24;343,24;0;Lido pelo App
7449787;75;2026-09-10;343,24;343,24;0;Lido pelo App
7449788;75;2026-09-10;343,24;343,24;0;Lido pelo App
7449789;75;2026-09-10;343,24;343,24;0;Lido pelo App
7449790;75;2026-09-10;343,24;343,24;0;Lido pelo App
7449791;75;2026-09-10;343,24;343,24;0;Lido pelo App
7449792;75;2026-09-10;343,24;343,24;0;Lido pelo App
7449793;75;2026-09-10;343,24;343,24;0;Lido pelo App
7449794;75;2026-09-10;343,24;343,24;0;Lido pelo App
7449795;75;2026-09-10;343,24;343,24;0;Lido pelo App
7449796;75;2026-09-10;343,24;343,24;0;Lido pelo App
7449797;75;2026-09-10;343,24;343,24;0;Lido pelo App
7449798;75;2026-09-10;343,24;343,24;0;Lido pelo App
7449799;75;2026-09-10;343,24;343,24;0;Lido pelo App
7449800;75;2026-09-10;343,24;343,24;0;Lido pelo App
7449801;75;2026-09-10;343,24;343,24;0;Lido pelo App
7449802;75;2026-09-10;343,24;343,24;0;Lido pelo App
7449803;75;2026-09-10;343,24;343,24;0;Lido pelo App
7449804;75;2026-09-10;343,24;343,24;0;Lido pelo App
7449805;75;2026-09-10;343,24;343,24;0;Lido pelo App
7449806;75;2026-09-10;343,24;343,24;0;Lido pelo App
7449807;75;2026-09-10;343,24;343,24;0;Lido pelo App
7449808;75;2026-09-10;343,24;343,24;0;Lido pelo App
7449809;75;2026-09-10;343,24;343,24;0;Lido pelo App
7449810;75;2026-09-10;343,24;343,24;0;Lido pelo App
7449811;75;2026-09-10;343,24;343,24;0;Lido pelo App
7449812;75;2026-09-10;343,24;343,24;0;Lido pelo App
7449813;75;2026-09-10;343,24;343,24;0;Lido pelo App
7449814;75;2026-09-10;343,24;343,24;0;Lido pelo App
7449815;75;2026-09-10;343,24;343,24;0;Lido pelo App
7449816;75;2026-09-10;343,24;343,24;0;Lido pelo App
7449817;75;2026-09-10;343,24;343,24;0;Lido pelo App
7449818;75;2026-09-10;343,24;343,24;0;Lido pelo App
7449819;75;2026-09-10;373,24;373,24;0;Lido pelo App
7449820;75;2026-09-10;343,24;343,24;0;Lido pelo App
7449821;75;2026-09-10;343,24;343,24;0;Lido pelo App
7449822;75;2026-09-10;343,24;343,24;0;Lido pelo App
7449823;75;2026-09-10;343,24;343,24;0;Lido pelo App
7449824;75;2026-09-10;373,24;373,24;0;Lido pelo App
7449825;75;2026-09-10;343,24;343,24;0;Lido pelo App
7449826;75;2026-09-10;343,24;343,24;0;Lido pelo App
7449827;75;2026-09-10;343,24;343,24;0;Lido pelo App
7449828;75;2026-09-10;343,24;343,24;0;Lido pelo App
7449829;75;2026-09-10;343,24;343,24;0;Lido pelo App
7449830;75;2026-09-10;343,24;343,24;0;Lido pelo App
7449831;75;2026-09-10;343,24;343,24;0;Lido pelo App
7449832;75;2026-09-10;343,24;343,24;0;Lido pelo App
7449833;75;2026-09-10;343,24;343,24;0;Lido pelo App
7449834;75;2026-09-10;343,24;343,24;0;Lido pelo App
7449835;75;2026-09-10;343,24;343,24;0;Lido pelo App
7449836;75;2026-09-10;343,24;343,24;0;Lido pelo App
7449837;75;2026-09-10;343,24;343,24;0;Lido pelo App
7449838;75;2026-09-10;343,24;343,24;0;Lido pelo App
7449839;75;2026-09-10;343,24;343,24;0;Lido pelo App
7449840;75;2026-09-10;343,24;343,24;0;Lido pelo App
7449841;75;2026-09-10;343,24;343,24;0;Lido pelo App
7449842;75;2026-09-10;343,24;343,24;0;Lido pelo App
7449843;75;2026-09-10;343,24;343,24;0;Lido pelo App
7449845;75;2026-09-10;373,24;373,24;0;Lido pelo App
7449846;75;2026-09-10;343,24;343,24;0;Lido pelo App
7449847;75;2026-09-10;343,24;343,24;0;Lido pelo App
7449848;75;2026-09-10;343,24;343,24;0;Lido pelo App
7449849;75;2026-09-10;343,24;343,24;0;Lido pelo App
7449850;75;2026-09-10;343,24;343,24;0;Lido pelo App
7449851;75;2026-09-10;343,24;343,24;0;Lido pelo App
7449852;75;2026-09-10;343,24;343,24;0;Lido pelo App
7449853;75;2026-09-10;343,24;343,24;0;Lido pelo App
7449854;75;2026-09-10;343,24;343,24;0;Lido pelo App
7449855;75;2026-09-10;343,24;343,24;0;Lido pelo App
7449856;75;2026-09-10;343,24;343,24;0;Lido pelo App
7449857;75;2026-09-10;343,24;343,24;0;Lido pelo App
7449858;75;2026-09-10;343,24;343,24;0;Lido pelo App
7449859;75;2026-09-10;343,24;343,24;0;Lido pelo App
7449860;75;2026-09-10;343,24;343,24;0;Lido pelo App
7449861;75;2026-09-10;343,24;343,24;0;Lido pelo App
7449862;75;2026-09-10;343,24;343,24;0;Lido pelo App
7449863;75;2026-09-10;343,24;343,24;0;Lido pelo App
7449864;75;2026-09-10;343,24;343,24;0;Lido pelo App
7449865;75;2026-09-10;373,24;373,24;0;Lido pelo App
7449866;75;2026-09-10;343,24;343,24;0;Lido pelo App
7449867;75;2026-09-10;343,24;343,24;0;Lido pelo App
7449868;75;2026-09-10;343,24;343,24;0;Lido pelo App
7449869;75;2026-09-10;343,24;343,24;0;Lido pelo App
7449870;75;2026-09-10;373,24;373,24;0;Lido pelo App
7449871;75;2026-09-10;343,24;343,24;0;Lido pelo App
7449872;75;2026-09-10;343,24;343,24;0;Lido pelo App
7449873;75;2026-09-10;343,24;343,24;0;Lido pelo App
7449874;75;2026-09-10;343,24;343,24;0;Lido pelo App
7449875;75;2026-09-10;343,24;343,24;0;Lido pelo App
7449876;75;2026-09-10;343,24;343,24;0;Lido pelo App
7449877;75;2026-09-10;343,24;343,24;0;Lido pelo App
7449878;75;2026-09-10;343,24;343,24;0;Lido pelo App
7449879;75;2026-09-10;343,24;343,24;0;Lido pelo App
7449880;75;2026-09-10;343,24;343,24;0;Lido pelo App
7449881;75;2026-09-10;343,24;343,24;0;Lido pelo App
7449882;75;2026-09-10;343,24;343,24;0;Lido pelo App
7449883;75;2026-09-10;343,24;343,24;0;Lido pelo App
7449884;75;2026-09-10;343,24;343,24;0;Lido pelo App
7449885;75;2026-09-10;343,24;343,24;0;Lido pelo App
7449886;75;2026-09-10;343,24;343,24;0;Lido pelo App
7449887;75;2026-09-10;343,24;343,24;0;Lido pelo App
7449888;75;2026-09-10;343,24;343,24;0;Lido pelo App
7449889;75;2026-09-10;343,24;343,24;0;Lido pelo App
7449890;75;2026-09-10;343,24;343,24;0;Lido pelo App
7449892;75;2026-09-10;343,24;343,24;0;Lido pelo App
7449893;75;2026-09-10;343,24;343,24;0;Lido pelo App
7449894;75;2026-09-10;343,24;343,24;0;Lido pelo App
7449895;75;2026-09-10;343,24;343,24;0;Lido pelo App
7449896;75;2026-09-10;343,24;343,24;0;Lido pelo App
7449897;75;2026-09-10;343,24;343,24;0;Lido pelo App
7449898;75;2026-09-10;343,24;343,24;0;Lido pelo App
7449899;75;2026-09-10;343,24;343,24;0;Lido pelo App
7449900;75;2026-09-10;343,24;343,24;0;Lido pelo App
7449901;75;2026-09-10;343,24;343,24;0;Lido pelo App
7449902;75;2026-09-10;343,24;343,24;0;Lido pelo App
7449903;75;2026-09-10;343,24;343,24;0;Lido pelo App
7449904;75;2026-09-10;343,24;343,24;0;Lido pelo App
7449905;75;2026-09-10;343,24;343,24;0;Lido pelo App
7449906;75;2026-09-10;343,24;343,24;0;Lido pelo App
7449907;75;2026-09-10;343,24;343,24;0;Lido pelo App
7449908;75;2026-09-10;343,24;343,24;0;Lido pelo App
7449909;75;2026-09-10;343,24;343,24;0;Lido pelo App
7449910;75;2026-09-10;343,24;343,24;0;Lido pelo App
7449911;75;2026-09-10;343,24;343,24;0;Lido pelo App
7449912;75;2026-09-10;343,24;343,24;0;Lido pelo App
7449913;75;2026-09-10;343,24;343,24;0;Lido pelo App
7449914;75;2026-09-10;343,24;343,24;0;Lido pelo App
7449915;75;2026-09-10;343,24;343,24;0;Lido pelo App
7449916;75;2026-09-10;343,24;343,24;0;Lido pelo App
7449917;75;2026-09-10;343,24;343,24;0;Lido pelo App
7449918;75;2026-09-10;343,24;343,24;0;Lido pelo App
7449919;75;2026-09-10;343,24;343,24;0;Lido pelo App
7449920;75;2026-09-10;343,24;343,24;0;Lido pelo App
7449921;75;2026-09-10;343,24;343,24;0;Lido pelo App
7449922;75;2026-09-10;343,24;343,24;0;Lido pelo App
7449923;75;2026-09-10;343,24;343,24;0;Lido pelo App
7449924;75;2026-09-10;343,24;343,24;0;Lido pelo App
7449925;75;2026-09-10;343,24;343,24;0;Lido pelo App
7449926;75;2026-09-10;343,24;343,24;0;Lido pelo App
7449927;75;2026-09-10;343,24;343,24;0;Lido pelo App
7449929;75;2026-09-10;343,24;343,24;0;Lido pelo App
7449930;75;2026-09-10;343,24;343,24;0;Lido pelo App
7449931;75;2026-09-10;343,24;343,24;0;Lido pelo App
7449932;75;2026-09-10;343,24;343,24;0;Lido pelo App
7449933;75;2026-09-10;343,24;343,24;0;Lido pelo App
7449934;75;2026-09-10;373,24;373,24;0;Lido pelo App
7449935;75;2026-09-10;343,24;343,24;0;Lido pelo App
7449936;75;2026-09-10;343,24;343,24;0;Lido pelo App
7449937;75;2026-09-10;343,24;343,24;0;Lido pelo App
7449938;75;2026-09-10;343,24;343,24;0;Lido pelo App
7449939;75;2026-09-10;343,24;343,24;0;Lido pelo App
7449940;75;2026-09-10;343,24;343,24;0;Lido pelo App
7449941;75;2026-09-10;343,24;343,24;0;Lido pelo App
7449942;75;2026-09-10;343,24;343,24;0;Lido pelo App
7449943;75;2026-09-10;343,24;343,24;0;Lido pelo App
7449944;75;2026-09-10;343,24;343,24;0;Lido pelo App
7449945;75;2026-09-10;343,24;343,24;0;Lido pelo App
7449946;75;2026-09-10;343,24;343,24;0;Lido pelo App
7449947;75;2026-09-10;343,24;343,24;0;Lido pelo App
7449948;75;2026-09-10;343,24;343,24;0;Lido pelo App
7449949;75;2026-09-10;343,24;343,24;0;Lido pelo App
7449950;75;2026-09-10;343,24;343,24;0;Lido pelo App
7449951;75;2026-09-10;343,24;343,24;0;Lido pelo App
7449952;75;2026-09-10;373,24;373,24;0;Lido pelo App
7449953;75;2026-09-10;343,24;343,24;0;Lido pelo App
7449954;75;2026-09-10;343,24;343,24;0;Lido pelo App
7449955;75;2026-09-10;343,24;343,24;0;Lido pelo App
7449957;75;2026-09-10;343,24;343,24;0;Lido pelo App
7449958;75;2026-09-10;343,24;343,24;0;Lido pelo App
7449959;75;2026-09-10;343,24;343,24;0;Lido pelo App
7449960;75;2026-09-10;343,24;343,24;0;Lido pelo App
7449961;75;2026-09-10;343,24;343,24;0;Lido pelo App
7449962;75;2026-09-10;343,24;343,24;0;Lido pelo App
7449963;75;2026-09-10;343,24;343,24;0;Lido pelo App
7449964;75;2026-09-10;343,24;343,24;0;Lido pelo App
7449965;75;2026-09-10;343,24;343,24;0;Lido pelo App
7449966;75;2026-09-10;343,24;343,24;0;Lido pelo App
7449967;75;2026-09-10;343,24;343,24;0;Lido pelo App
7449968;75;2026-09-10;343,24;343,24;0;Lido pelo App
7449969;75;2026-09-10;343,24;343,24;0;Lido pelo App
7449970;75;2026-09-10;343,24;343,24;0;Lido pelo App
7449971;75;2026-09-10;343,24;343,24;0;Lido pelo App
7449972;75;2026-09-10;343,24;343,24;0;Lido pelo App
7449973;75;2026-09-10;343,24;343,24;0;Lido pelo App
7449974;75;2026-09-10;343,24;343,24;0;Lido pelo App
7449975;75;2026-09-10;343,24;343,24;0;Lido pelo App
7449976;75;2026-09-10;343,24;343,24;0;Lido pelo App
7449977;75;2026-09-10;343,24;343,24;0;Lido pelo App
7449978;75;2026-09-10;343,24;343,24;0;Lido pelo App
7449979;75;2026-09-10;343,24;343,24;0;Lido pelo App
7449980;75;2026-09-10;343,24;343,24;0;Lido pelo App
7449981;75;2026-09-10;343,24;343,24;0;Lido pelo App
7449982;75;2026-09-10;343,24;343,24;0;Lido pelo App
7449983;75;2026-09-10;343,24;343,24;0;Lido pelo App
7449984;75;2026-09-10;343,24;343,24;0;Lido pelo App
7449985;75;2026-09-10;343,24;343,24;0;Lido pelo App
7449986;75;2026-09-10;343,24;343,24;0;Lido pelo App
7449987;75;2026-09-10;343,24;343,24;0;Lido pelo App
7449988;75;2026-09-10;343,24;343,24;0;Lido pelo App
7449989;75;2026-09-10;343,24;343,24;0;Lido pelo App
7449990;75;2026-09-10;343,24;343,24;0;Lido pelo App
7449991;75;2026-09-10;343,24;343,24;0;Lido pelo App
7449992;75;2026-09-10;343,24;343,24;0;Lido pelo App
7449993;75;2026-09-10;343,24;343,24;0;Lido pelo App
7449994;75;2026-09-10;343,24;343,24;0;Lido pelo App
7449995;75;2026-09-10;343,24;343,24;0;Lido pelo App
7449996;75;2026-09-10;343,24;343,24;0;Lido pelo App
7449997;75;2026-09-10;343,24;343,24;0;Lido pelo App
7449998;75;2026-09-10;343,24;343,24;0;Lido pelo App
7449999;75;2026-09-10;343,24;343,24;0;Lido pelo App
7450000;75;2026-09-10;343,24;343,24;0;Lido pelo App
7450001;75;2026-09-10;343,24;343,24;0;Lido pelo App
7450002;75;2026-09-10;373,24;373,24;0;Lido pelo App
7450003;75;2026-09-10;343,24;343,24;0;Lido pelo App
7450004;75;2026-09-10;343,24;343,24;0;Lido pelo App
7450005;75;2026-09-10;343,24;343,24;0;Lido pelo App
7450006;75;2026-09-10;343,24;343,24;0;Lido pelo App
7450007;75;2026-09-10;343,24;343,24;0;Lido pelo App
7450008;75;2026-09-10;343,24;343,24;0;Lido pelo App
7450009;75;2026-09-10;343,24;343,24;0;Lido pelo App
7450010;75;2026-09-10;343,24;343,24;0;Lido pelo App
7450011;75;2026-09-10;343,24;343,24;0;Lido pelo App
7450012;75;2026-09-10;343,24;343,24;0;Lido pelo App
7450013;75;2026-09-10;343,24;343,24;0;Lido pelo App
7450014;75;2026-09-10;373,24;373,24;0;Lido pelo App
7450015;75;2026-09-10;343,24;343,24;0;Lido pelo App
7450016;75;2026-09-10;343,24;343,24;0;Lido pelo App
7450017;75;2026-09-10;343,24;343,24;0;Lido pelo App
7450018;75;2026-09-10;343,24;343,24;0;Lido pelo App
7450019;75;2026-09-10;343,24;343,24;0;Lido pelo App
7450020;75;2026-09-10;343,24;343,24;0;Lido pelo App
7450021;75;2026-09-10;343,24;343,24;0;Lido pelo App
7450022;75;2026-09-10;343,24;343,24;0;Lido pelo App
7450023;75;2026-09-10;343,24;343,24;0;Lido pelo App
7450024;75;2026-09-10;343,24;343,24;0;Lido pelo App
7450025;75;2026-09-10;343,24;343,24;0;Lido pelo App
7450026;75;2026-09-10;343,24;343,24;0;Lido pelo App
7450027;75;2026-09-10;343,24;343,24;0;Lido pelo App
7450028;75;2026-09-10;343,24;343,24;0;Lido pelo App
7450029;75;2026-09-10;343,24;343,24;0;Lido pelo App
7450030;75;2026-09-10;343,24;343,24;0;Lido pelo App
7450031;75;2026-09-10;343,24;343,24;0;Lido pelo App
7450032;75;2026-09-10;343,24;343,24;0;Lido pelo App
7450033;75;2026-09-10;343,24;343,24;0;Lido pelo App
7450034;75;2026-09-10;343,24;343,24;0;Lido pelo App
7450035;75;2026-09-10;343,24;343,24;0;Lido pelo App
7450036;75;2026-09-10;343,24;343,24;0;Lido pelo App
7450037;75;2026-09-10;343,24;343,24;0;Lido pelo App
7450038;75;2026-09-10;343,24;343,24;0;Lido pelo App
7450039;75;2026-09-10;343,24;343,24;0;Lido pelo App
7450040;75;2026-09-10;373,24;373,24;0;Lido pelo App
7450041;75;2026-09-10;343,24;343,24;0;Lido pelo App
7470918;75;2026-08-27;522,65;800,00;5;origem 5 (Juridico)
7470919;75;2026-09-28;445,59;682,05;5;origem 5 (Juridico)
7470920;75;2026-10-28;445,59;682,05;5;origem 5 (Juridico)
7470921;75;2026-11-28;445,59;682,05;5;origem 5 (Juridico)
7470922;75;2026-12-28;445,59;682,05;5;origem 5 (Juridico)
7471626;75;2026-04-16;-193,61;-270,30;3;origem 3 (Amigavel/Outro)
7475950;75;2026-08-31;256,46;404,52;5;origem 5 (Juridico)
7475951;75;2026-09-30;256,46;404,52;5;origem 5 (Juridico)
7475952;75;2026-10-31;256,46;404,52;5;origem 5 (Juridico)
7475953;75;2026-11-30;256,46;404,52;5;origem 5 (Juridico)
7475954;75;2026-12-31;256,46;404,52;5;origem 5 (Juridico)
7475955;75;2027-01-31;256,46;404,52;5;origem 5 (Juridico)
7475956;75;2027-02-28;256,46;404,52;5;origem 5 (Juridico)
7475957;75;2027-03-31;256,46;404,52;5;origem 5 (Juridico)
7475958;75;2027-04-30;256,46;404,52;5;origem 5 (Juridico)
7475959;75;2027-05-31;256,46;404,52;5;origem 5 (Juridico)
7484673;75;2026-04-28;-199,69;-308,41;3;origem 3 (Amigavel/Outro)
7484675;75;2026-03-27;-199,69;-308,41;3;origem 3 (Amigavel/Outro)
7488811;75;2026-09-24;358,48;562,16;5;origem 5 (Juridico)
7488812;75;2026-10-24;358,48;562,16;5;origem 5 (Juridico)
7488813;75;2026-11-24;358,48;562,16;5;origem 5 (Juridico)
7488814;75;2026-12-24;358,48;562,16;5;origem 5 (Juridico)
7488815;75;2027-01-24;358,48;562,16;5;origem 5 (Juridico)
7502656;75;2026-05-04;-289,31;-453,34;3;origem 3 (Amigavel/Outro)
7502657;75;2026-06-26;-289,31;-460,19;3;origem 3 (Amigavel/Outro)